llvm-lit: /Users/revofusion/Projects/llvm/llvm/utils/lit/lit/llvm/config.py:561: note: using clang: /Users/revofusion/Projects/llvm/build/bin/clang
llvm-lit: /Users/revofusion/Projects/llvm/llvm/utils/lit/lit/llvm/subst.py:126: note: Did not find apinotes-test in /Users/revofusion/Projects/llvm/build/bin:/Users/revofusion/Projects/llvm/build/bin
llvm-lit: /Users/revofusion/Projects/llvm/llvm/utils/lit/lit/llvm/subst.py:126: note: Did not find c-index-test in /Users/revofusion/Projects/llvm/build/bin:/Users/revofusion/Projects/llvm/build/bin
llvm-lit: /Users/revofusion/Projects/llvm/llvm/utils/lit/lit/llvm/subst.py:126: note: Did not find clang-diff in /Users/revofusion/Projects/llvm/build/bin:/Users/revofusion/Projects/llvm/build/bin
llvm-lit: /Users/revofusion/Projects/llvm/llvm/utils/lit/lit/llvm/subst.py:126: note: Did not find clang-format in /Users/revofusion/Projects/llvm/build/bin:/Users/revofusion/Projects/llvm/build/bin
llvm-lit: /Users/revofusion/Projects/llvm/llvm/utils/lit/lit/llvm/subst.py:126: note: Did not find clang-repl in /Users/revofusion/Projects/llvm/build/bin:/Users/revofusion/Projects/llvm/build/bin
llvm-lit: /Users/revofusion/Projects/llvm/llvm/utils/lit/lit/llvm/subst.py:126: note: Did not find llvm-offload-binary in /Users/revofusion/Projects/llvm/build/bin:/Users/revofusion/Projects/llvm/build/bin
llvm-lit: /Users/revofusion/Projects/llvm/llvm/utils/lit/lit/llvm/subst.py:126: note: Did not find clang-scan-deps in /Users/revofusion/Projects/llvm/build/bin:/Users/revofusion/Projects/llvm/build/bin
llvm-lit: /Users/revofusion/Projects/llvm/llvm/utils/lit/lit/llvm/subst.py:126: note: Did not find clang-installapi in /Users/revofusion/Projects/llvm/build/bin:/Users/revofusion/Projects/llvm/build/bin
llvm-lit: /Users/revofusion/Projects/llvm/llvm/utils/lit/lit/llvm/subst.py:126: note: Did not find opt in /Users/revofusion/Projects/llvm/build/bin:/Users/revofusion/Projects/llvm/build/bin
llvm-lit: /Users/revofusion/Projects/llvm/llvm/utils/lit/lit/llvm/subst.py:126: note: Did not find llvm-ifs in /Users/revofusion/Projects/llvm/build/bin:/Users/revofusion/Projects/llvm/build/bin
llvm-lit: /Users/revofusion/Projects/llvm/llvm/utils/lit/lit/llvm/subst.py:126: note: Did not find yaml2obj in /Users/revofusion/Projects/llvm/build/bin:/Users/revofusion/Projects/llvm/build/bin
llvm-lit: /Users/revofusion/Projects/llvm/llvm/utils/lit/lit/llvm/subst.py:126: note: Did not find clang-linker-wrapper in /Users/revofusion/Projects/llvm/build/bin:/Users/revofusion/Projects/llvm/build/bin
llvm-lit: /Users/revofusion/Projects/llvm/llvm/utils/lit/lit/llvm/subst.py:126: note: Did not find clang-nvlink-wrapper in /Users/revofusion/Projects/llvm/build/bin:/Users/revofusion/Projects/llvm/build/bin
llvm-lit: /Users/revofusion/Projects/llvm/llvm/utils/lit/lit/llvm/subst.py:126: note: Did not find clang-sycl-linker in /Users/revofusion/Projects/llvm/build/bin:/Users/revofusion/Projects/llvm/build/bin
llvm-lit: /Users/revofusion/Projects/llvm/llvm/utils/lit/lit/llvm/subst.py:126: note: Did not find llvm-lto in /Users/revofusion/Projects/llvm/build/bin:/Users/revofusion/Projects/llvm/build/bin
llvm-lit: /Users/revofusion/Projects/llvm/llvm/utils/lit/lit/llvm/subst.py:126: note: Did not find llvm-lto2 in /Users/revofusion/Projects/llvm/build/bin:/Users/revofusion/Projects/llvm/build/bin
llvm-lit: /Users/revofusion/Projects/llvm/llvm/utils/lit/lit/llvm/subst.py:126: note: Did not find llvm-profdata in /Users/revofusion/Projects/llvm/build/bin:/Users/revofusion/Projects/llvm/build/bin
llvm-lit: /Users/revofusion/Projects/llvm/llvm/utils/lit/lit/llvm/subst.py:126: note: Did not find llvm-readtapi in /Users/revofusion/Projects/llvm/build/bin:/Users/revofusion/Projects/llvm/build/bin
llvm-lit: /Users/revofusion/Projects/llvm/llvm/utils/lit/lit/llvm/subst.py:126: note: Did not find clang-check in /Users/revofusion/Projects/llvm/build/bin:/Users/revofusion/Projects/llvm/build/bin
llvm-lit: /Users/revofusion/Projects/llvm/llvm/utils/lit/lit/util.py:363: note: using SDKROOT: '/Applications/Xcode.app/Contents/Developer/Platforms/MacOSX.platform/Developer/SDKs/MacOSX26.5.sdk'
-- Testing: 258 tests, 18 workers --
Testing: 
FAIL: Clang :: CIR/CodeGen/compound_literal.cpp (1 of 258)
******************** TEST 'Clang :: CIR/CodeGen/compound_literal.cpp' FAILED ********************
Exit Code: 1

Command Output (stdout):
--
# RUN: at line 1
/Users/revofusion/Projects/llvm/build/bin/clang -cc1 -internal-isystem /Users/revofusion/Projects/llvm/build/lib/clang/22/include -nostdsysteminc -triple x86_64-unknown-linux-gnu -fclangir -emit-cir /Users/revofusion/Projects/llvm/clang/test/CIR/CodeGen/compound_literal.cpp -o /Users/revofusion/Projects/llvm/build/tools/clang/test/CIR/CodeGen/Output/compound_literal.cpp.tmp.cir
# executed command: /Users/revofusion/Projects/llvm/build/bin/clang -cc1 -internal-isystem /Users/revofusion/Projects/llvm/build/lib/clang/22/include -nostdsysteminc -triple x86_64-unknown-linux-gnu -fclangir -emit-cir /Users/revofusion/Projects/llvm/clang/test/CIR/CodeGen/compound_literal.cpp -o /Users/revofusion/Projects/llvm/build/tools/clang/test/CIR/CodeGen/Output/compound_literal.cpp.tmp.cir
# RUN: at line 2
/Users/revofusion/Projects/llvm/build/bin/FileCheck --input-file=/Users/revofusion/Projects/llvm/build/tools/clang/test/CIR/CodeGen/Output/compound_literal.cpp.tmp.cir /Users/revofusion/Projects/llvm/clang/test/CIR/CodeGen/compound_literal.cpp -check-prefix=CIR
# executed command: /Users/revofusion/Projects/llvm/build/bin/FileCheck --input-file=/Users/revofusion/Projects/llvm/build/tools/clang/test/CIR/CodeGen/Output/compound_literal.cpp.tmp.cir /Users/revofusion/Projects/llvm/clang/test/CIR/CodeGen/compound_literal.cpp -check-prefix=CIR
# .---command stderr------------
# | /Users/revofusion/Projects/llvm/clang/test/CIR/CodeGen/compound_literal.cpp:110:9: error: CIR: expected string not found in input
# | // CIR: %[[CONST:.*]] = cir.const #cir.const_record<{#cir.int<5> : !s32i, #cir.int<10> : !s32i}> : !rec_Point
# |         ^
# | /Users/revofusion/Projects/llvm/build/tools/clang/test/CIR/CodeGen/Output/compound_literal.cpp.tmp.cir:33:63: note: scanning from here
# |  %0 = cir.alloca !rec_Point, !cir.ptr<!rec_Point>, ["p", init] {alignment = 4 : i64} loc(#loc37)
# |                                                               ^
# | 
# | Input file: /Users/revofusion/Projects/llvm/build/tools/clang/test/CIR/CodeGen/Output/compound_literal.cpp.tmp.cir
# | Check file: /Users/revofusion/Projects/llvm/clang/test/CIR/CodeGen/compound_literal.cpp
# | 
# | -dump-input=help explains the following input dump.
# | 
# | Input was:
# | <<<<<<
# |            .
# |            .
# |            .
# |           28:  %6 = cir.const #cir.const_vector<[#cir.int<10> : !s32i, #cir.int<20> : !s32i, #cir.int<30> : !s32i, #cir.int<40> : !s32i]> : !cir.vector<4 x !s32i> loc(#loc35) 
# |           29:  cir.store align(16) %6, %5 : !cir.vector<4 x !s32i>, !cir.ptr<!cir.vector<4 x !s32i>> loc(#loc35) 
# |           30:  cir.return loc(#loc16) 
# |           31:  } loc(#loc34) 
# |           32:  cir.func no_inline dso_local @_Z4foo4v() { 
# |           33:  %0 = cir.alloca !rec_Point, !cir.ptr<!rec_Point>, ["p", init] {alignment = 4 : i64} loc(#loc37) 
# | check:110                                                                   X~~~~~~~~~~~~~~~~~~~~~~~~~~~~~~~~~~ error: no match found
# |           34:  %1 = cir.get_member %0[0] {name = "x"} : !cir.ptr<!rec_Point> -> !cir.ptr<!s32i> loc(#loc23) 
# | check:110     ~~~~~~~~~~~~~~~~~~~~~~~~~~~~~~~~~~~~~~~~~~~~~~~~~~~~~~~~~~~~~~~~~~~~~~~~~~~~~~~~~~~~~~~~~~~~~~
# |           35:  %2 = cir.const #cir.int<5> : !s32i loc(#loc24) 
# | check:110     ~~~~~~~~~~~~~~~~~~~~~~~~~~~~~~~~~~~~~~~~~~~~~~~~
# |           36:  cir.store align(4) %2, %1 : !s32i, !cir.ptr<!s32i> loc(#loc24) 
# | check:110     ~~~~~~~~~~~~~~~~~~~~~~~~~~~~~~~~~~~~~~~~~~~~~~~~~~~~~~~~~~~~~~~~
# |           37:  %3 = cir.get_member %0[1] {name = "y"} : !cir.ptr<!rec_Point> -> !cir.ptr<!s32i> loc(#loc25) 
# | check:110     ~~~~~~~~~~~~~~~~~~~~~~~~~~~~~~~~~~~~~~~~~~~~~~~~~~~~~~~~~~~~~~~~~~~~~~~~~~~~~~~~~~~~~~~~~~~~~~
# |           38:  %4 = cir.const #cir.int<10> : !s32i loc(#loc26) 
# | check:110     ~~~~~~~~~~~~~~~~~~~~~~~~~~~~~~~~~~~~~~~~~~~~~~~~~
# |            .
# |            .
# |            .
# | >>>>>>
# `-----------------------------
# error: command failed with exit status: 1

--

********************
Testing: 
FAIL: Clang :: CIR/CodeGen/lambda-static-invoker.cpp (2 of 258)
******************** TEST 'Clang :: CIR/CodeGen/lambda-static-invoker.cpp' FAILED ********************
Exit Code: 1

Command Output (stdout):
--
# RUN: at line 1
/Users/revofusion/Projects/llvm/build/bin/clang -cc1 -internal-isystem /Users/revofusion/Projects/llvm/build/lib/clang/22/include -nostdsysteminc -triple x86_64-unknown-linux-gnu -fclangir -emit-cir /Users/revofusion/Projects/llvm/clang/test/CIR/CodeGen/lambda-static-invoker.cpp -o /Users/revofusion/Projects/llvm/build/tools/clang/test/CIR/CodeGen/Output/lambda-static-invoker.cpp.tmp.cir
# executed command: /Users/revofusion/Projects/llvm/build/bin/clang -cc1 -internal-isystem /Users/revofusion/Projects/llvm/build/lib/clang/22/include -nostdsysteminc -triple x86_64-unknown-linux-gnu -fclangir -emit-cir /Users/revofusion/Projects/llvm/clang/test/CIR/CodeGen/lambda-static-invoker.cpp -o /Users/revofusion/Projects/llvm/build/tools/clang/test/CIR/CodeGen/Output/lambda-static-invoker.cpp.tmp.cir
# RUN: at line 2
/Users/revofusion/Projects/llvm/build/bin/FileCheck --check-prefix=CIR --input-file=/Users/revofusion/Projects/llvm/build/tools/clang/test/CIR/CodeGen/Output/lambda-static-invoker.cpp.tmp.cir /Users/revofusion/Projects/llvm/clang/test/CIR/CodeGen/lambda-static-invoker.cpp
# executed command: /Users/revofusion/Projects/llvm/build/bin/FileCheck --check-prefix=CIR --input-file=/Users/revofusion/Projects/llvm/build/tools/clang/test/CIR/CodeGen/Output/lambda-static-invoker.cpp.tmp.cir /Users/revofusion/Projects/llvm/clang/test/CIR/CodeGen/lambda-static-invoker.cpp
# .---command stderr------------
# | /Users/revofusion/Projects/llvm/clang/test/CIR/CodeGen/lambda-static-invoker.cpp:75:9: error: CIR: expected string not found in input
# | // CIR: %[[LAM_RESULT:.*]] = cir.call @_ZZ2g3vENK3$_0clERKi(%2, %3) : (!cir.ptr<![[REC_LAM_G3]]>, !cir.ptr<!s32i>) -> !s32i
# |         ^
# | /Users/revofusion/Projects/llvm/build/tools/clang/test/CIR/CodeGen/Output/lambda-static-invoker.cpp.tmp.cir:27:29: note: scanning from here
# |  %22 = cir.load align(8) %19 : !cir.ptr<!cir.ptr<!s32i>>, !cir.ptr<!s32i> loc(#loc20)
# |                             ^
# | /Users/revofusion/Projects/llvm/build/tools/clang/test/CIR/CodeGen/Output/lambda-static-invoker.cpp.tmp.cir:27:29: note: with "REC_LAM_G3" equal to "rec_anon2E0"
# |  %22 = cir.load align(8) %19 : !cir.ptr<!cir.ptr<!s32i>>, !cir.ptr<!s32i> loc(#loc20)
# |                             ^
# | /Users/revofusion/Projects/llvm/build/tools/clang/test/CIR/CodeGen/Output/lambda-static-invoker.cpp.tmp.cir:28:4: note: possible intended match here
# |  %23 = cir.call @_ZZ2g3vENK3$_0clERKi(%21, %22) : (!cir.ptr<!rec_anon2E0>, !cir.ptr<!s32i>) -> !s32i loc(#loc3)
# |    ^
# | 
# | Input file: /Users/revofusion/Projects/llvm/build/tools/clang/test/CIR/CodeGen/Output/lambda-static-invoker.cpp.tmp.cir
# | Check file: /Users/revofusion/Projects/llvm/clang/test/CIR/CodeGen/lambda-static-invoker.cpp
# | 
# | -dump-input=help explains the following input dump.
# | 
# | Input was:
# | <<<<<<
# |             .
# |             .
# |             .
# |            22:  cir.func no_inline internal private dso_local @_ZZ2g3vEN3$_08__invokeERKi(%arg1: !cir.ptr<!s32i> loc(fused[#loc4, #loc5])) -> !s32i { 
# |            23:  %19 = cir.alloca !cir.ptr<!s32i>, !cir.ptr<!cir.ptr<!s32i>>, ["i", init, const] {alignment = 8 : i64} loc(#loc20) 
# |            24:  %20 = cir.alloca !s32i, !cir.ptr<!s32i>, ["__retval"] {alignment = 4 : i64} loc(#loc3) 
# |            25:  %21 = cir.alloca !rec_anon2E0, !cir.ptr<!rec_anon2E0>, ["unused.capture"] {alignment = 1 : i64} loc(#loc3) 
# |            26:  cir.store %arg1, %19 : !cir.ptr<!s32i>, !cir.ptr<!cir.ptr<!s32i>> loc(#loc3) 
# |            27:  %22 = cir.load align(8) %19 : !cir.ptr<!cir.ptr<!s32i>>, !cir.ptr<!s32i> loc(#loc20) 
# | check:75'0                                 X~~~~~~~~~~~~~~~~~~~~~~~~~~~~~~~~~~~~~~~~~~~~~~~~~~~~~~~~~ error: no match found
# | check:75'1                                                                                            with "REC_LAM_G3" equal to "rec_anon2E0"
# |            28:  %23 = cir.call @_ZZ2g3vENK3$_0clERKi(%21, %22) : (!cir.ptr<!rec_anon2E0>, !cir.ptr<!s32i>) -> !s32i loc(#loc3) 
# | check:75'0     ~~~~~~~~~~~~~~~~~~~~~~~~~~~~~~~~~~~~~~~~~~~~~~~~~~~~~~~~~~~~~~~~~~~~~~~~~~~~~~~~~~~~~~~~~~~~~~~~~~~~~~~~~~~~~~~~
# | check:75'2        ?                                                                                                             possible intended match
# |            29:  cir.store align(4) %23, %20 : !s32i, !cir.ptr<!s32i> loc(#loc3) 
# | check:75'0     ~~~~~~~~~~~~~~~~~~~~~~~~~~~~~~~~~~~~~~~~~~~~~~~~~~~~~~~~~~~~~~~~~
# |            30:  %24 = cir.load %20 : !cir.ptr<!s32i>, !s32i loc(#loc3) 
# | check:75'0     ~~~~~~~~~~~~~~~~~~~~~~~~~~~~~~~~~~~~~~~~~~~~~~~~~~~~~~~~
# |            31:  cir.return %24 : !s32i loc(#loc3) 
# | check:75'0     ~~~~~~~~~~~~~~~~~~~~~~~~~~~~~~~~~~~
# |            32:  } loc(#loc3) 
# | check:75'0     ~~~~~~~~~~~~~~
# |            33:  cir.func no_inline internal private dso_local @_ZZ2g3vENK3$_0cvPFiRKiEEv(%arg0: !cir.ptr<!rec_anon2E0> loc("/Users/revofusion/Projects/llvm/clang/test/CIR/CodeGen/lambda-static-invoker.cpp":12:15)) -> !cir.ptr<!cir.func<(!cir.ptr<!s32i>) -> !s32i>> { 
# | check:75'0     ~~~~~~~~~~~~~~~~~~~~~~~~~~~~~~~~~~~~~~~~~~~~~~~~~~~~~~~~~~~~~~~~~~~~~~~~~~~~~~~~~~~~~~~~~~~~~~~~~~~~~~~~~~~~~~~~~~~~~~~~~~~~~~~~~~~~~~~~~~~~~~~~~~~~~~~~~~~~~~~~~~~~~~~~~~~~~~~~~~~~~~~~~~~~~~~~~~~~~~~~~~~~~~~~~~~~~~~~~~~~~~~~~~~~~~~~~~~~~~~~~~~~~~~~~~~~
# |             .
# |             .
# |             .
# | >>>>>>
# `-----------------------------
# error: command failed with exit status: 1

--

********************
Testing: 
FAIL: Clang :: CIR/CodeGen/cmp.cpp (3 of 258)
******************** TEST 'Clang :: CIR/CodeGen/cmp.cpp' FAILED ********************
Exit Code: 1

Command Output (stdout):
--
# RUN: at line 1
/Users/revofusion/Projects/llvm/build/bin/clang -cc1 -internal-isystem /Users/revofusion/Projects/llvm/build/lib/clang/22/include -nostdsysteminc -std=c++17 -triple x86_64-unknown-linux-gnu -fclangir -emit-cir /Users/revofusion/Projects/llvm/clang/test/CIR/CodeGen/cmp.cpp -o /Users/revofusion/Projects/llvm/build/tools/clang/test/CIR/CodeGen/Output/cmp.cpp.tmp.cir
# executed command: /Users/revofusion/Projects/llvm/build/bin/clang -cc1 -internal-isystem /Users/revofusion/Projects/llvm/build/lib/clang/22/include -nostdsysteminc -std=c++17 -triple x86_64-unknown-linux-gnu -fclangir -emit-cir /Users/revofusion/Projects/llvm/clang/test/CIR/CodeGen/cmp.cpp -o /Users/revofusion/Projects/llvm/build/tools/clang/test/CIR/CodeGen/Output/cmp.cpp.tmp.cir
# RUN: at line 2
/Users/revofusion/Projects/llvm/build/bin/FileCheck --input-file=/Users/revofusion/Projects/llvm/build/tools/clang/test/CIR/CodeGen/Output/cmp.cpp.tmp.cir /Users/revofusion/Projects/llvm/clang/test/CIR/CodeGen/cmp.cpp -check-prefix=CIR
# executed command: /Users/revofusion/Projects/llvm/build/bin/FileCheck --input-file=/Users/revofusion/Projects/llvm/build/tools/clang/test/CIR/CodeGen/Output/cmp.cpp.tmp.cir /Users/revofusion/Projects/llvm/clang/test/CIR/CodeGen/cmp.cpp -check-prefix=CIR
# .---command stderr------------
# | /Users/revofusion/Projects/llvm/clang/test/CIR/CodeGen/cmp.cpp:268:15: error: CIR-LABEL: expected string not found in input
# | // CIR-LABEL: cir.func{{.*}} @_Z8c0_floatff(%arg0: !cir.float{{.*}}, %arg1: !cir.float{{.*}})
# |               ^
# | /Users/revofusion/Projects/llvm/build/tools/clang/test/CIR/CodeGen/Output/cmp.cpp.tmp.cir:66:50: note: scanning from here
# |  cir.func no_inline dso_local @_Z11c0_unsignedjj(%arg6: !u32i loc(fused[#loc34, #loc35]), %arg7: !u32i loc(fused[#loc36, #loc37])) {
# |                                                  ^
# | /Users/revofusion/Projects/llvm/build/tools/clang/test/CIR/CodeGen/Output/cmp.cpp.tmp.cir:98:18: note: possible intended match here
# |  cir.func no_inline dso_local @_Z8c0_floatff(%arg4: !cir.float loc(fused[#loc65, #loc66]), %arg5: !cir.float loc(fused[#loc67, #loc68])) {
# |                  ^
# | 
# | Input file: /Users/revofusion/Projects/llvm/build/tools/clang/test/CIR/CodeGen/Output/cmp.cpp.tmp.cir
# | Check file: /Users/revofusion/Projects/llvm/clang/test/CIR/CodeGen/cmp.cpp
# | 
# | -dump-input=help explains the following input dump.
# | 
# | Input was:
# | <<<<<<
# |              .
# |              .
# |              .
# |             61:  %115 = cir.load align(4) %97 : !cir.ptr<!s32i>, !s32i loc(#loc29) 
# |             62:  %116 = cir.cmp(eq, %114, %115) : !s32i, !cir.bool loc(#loc30) 
# |             63:  cir.store align(1) %116, %98 : !cir.bool, !cir.ptr<!cir.bool> loc(#loc164) 
# |             64:  cir.return loc(#loc2) 
# |             65:  } loc(#loc156) 
# |             66:  cir.func no_inline dso_local @_Z11c0_unsignedjj(%arg6: !u32i loc(fused[#loc34, #loc35]), %arg7: !u32i loc(fused[#loc36, #loc37])) { 
# | label:268'0                                                      X~~~~~~~~~~~~~~~~~~~~~~~~~~~~~~~~~~~~~~~~~~~~~~~~~~~~~~~~~~~~~~~~~~~~~~~~~~~~~~~~~~~ error: no match found
# |             67:  %75 = cir.alloca !u32i, !cir.ptr<!u32i>, ["a", init] {alignment = 4 : i64} loc(#loc166) 
# | label:268'0     ~~~~~~~~~~~~~~~~~~~~~~~~~~~~~~~~~~~~~~~~~~~~~~~~~~~~~~~~~~~~~~~~~~~~~~~~~~~~~~~~~~~~~~~~~
# |             68:  %76 = cir.alloca !u32i, !cir.ptr<!u32i>, ["b", init] {alignment = 4 : i64} loc(#loc167) 
# | label:268'0     ~~~~~~~~~~~~~~~~~~~~~~~~~~~~~~~~~~~~~~~~~~~~~~~~~~~~~~~~~~~~~~~~~~~~~~~~~~~~~~~~~~~~~~~~~
# |             69:  %77 = cir.alloca !cir.bool, !cir.ptr<!cir.bool>, ["x", init] {alignment = 1 : i64} loc(#loc168) 
# | label:268'0     ~~~~~~~~~~~~~~~~~~~~~~~~~~~~~~~~~~~~~~~~~~~~~~~~~~~~~~~~~~~~~~~~~~~~~~~~~~~~~~~~~~~~~~~~~~~~~~~~~
# |             70:  cir.store %arg6, %75 : !u32i, !cir.ptr<!u32i> loc(#loc40) 
# | label:268'0     ~~~~~~~~~~~~~~~~~~~~~~~~~~~~~~~~~~~~~~~~~~~~~~~~~~~~~~~~~~~
# |             71:  cir.store %arg7, %76 : !u32i, !cir.ptr<!u32i> loc(#loc40) 
# | label:268'0     ~~~~~~~~~~~~~~~~~~~~~~~~~~~~~~~~~~~~~~~~~~~~~~~~~~~~~~~~~~~
# |              .
# |              .
# |              .
# |             93:  %94 = cir.load align(4) %76 : !cir.ptr<!u32i>, !u32i loc(#loc60) 
# | label:268'0     ~~~~~~~~~~~~~~~~~~~~~~~~~~~~~~~~~~~~~~~~~~~~~~~~~~~~~~~~~~~~~~~~~~
# |             94:  %95 = cir.cmp(eq, %93, %94) : !u32i, !cir.bool loc(#loc61) 
# | label:268'0     ~~~~~~~~~~~~~~~~~~~~~~~~~~~~~~~~~~~~~~~~~~~~~~~~~~~~~~~~~~~~
# |             95:  cir.store align(1) %95, %77 : !cir.bool, !cir.ptr<!cir.bool> loc(#loc173) 
# | label:268'0     ~~~~~~~~~~~~~~~~~~~~~~~~~~~~~~~~~~~~~~~~~~~~~~~~~~~~~~~~~~~~~~~~~~~~~~~~~~~
# |             96:  cir.return loc(#loc33) 
# | label:268'0     ~~~~~~~~~~~~~~~~~~~~~~~~
# |             97:  } loc(#loc165) 
# | label:268'0     ~~~~~~~~~~~~~~~~
# |             98:  cir.func no_inline dso_local @_Z8c0_floatff(%arg4: !cir.float loc(fused[#loc65, #loc66]), %arg5: !cir.float loc(fused[#loc67, #loc68])) { 
# | label:268'0     ~~~~~~~~~~~~~~~~~~~~~~~~~~~~~~~~~~~~~~~~~~~~~~~~~~~~~~~~~~~~~~~~~~~~~~~~~~~~~~~~~~~~~~~~~~~~~~~~~~~~~~~~~~~~~~~~~~~~~~~~~~~~~~~~~~~~~~~~~~~
# | label:268'1                      ?                                                                                                                          possible intended match
# |             99:  %54 = cir.alloca !cir.float, !cir.ptr<!cir.float>, ["a", init] {alignment = 4 : i64} loc(#loc175) 
# | label:268'0     ~~~~~~~~~~~~~~~~~~~~~~~~~~~~~~~~~~~~~~~~~~~~~~~~~~~~~~~~~~~~~~~~~~~~~~~~~~~~~~~~~~~~~~~~~~~~~~~~~~~
# |            100:  %55 = cir.alloca !cir.float, !cir.ptr<!cir.float>, ["b", init] {alignment = 4 : i64} loc(#loc176) 
# | label:268'0     ~~~~~~~~~~~~~~~~~~~~~~~~~~~~~~~~~~~~~~~~~~~~~~~~~~~~~~~~~~~~~~~~~~~~~~~~~~~~~~~~~~~~~~~~~~~~~~~~~~~
# |            101:  %56 = cir.alloca !cir.bool, !cir.ptr<!cir.bool>, ["x", init] {alignment = 1 : i64} loc(#loc177) 
# | label:268'0     ~~~~~~~~~~~~~~~~~~~~~~~~~~~~~~~~~~~~~~~~~~~~~~~~~~~~~~~~~~~~~~~~~~~~~~~~~~~~~~~~~~~~~~~~~~~~~~~~~
# |            102:  cir.store %arg4, %54 : !cir.float, !cir.ptr<!cir.float> loc(#loc71) 
# | label:268'0     ~~~~~~~~~~~~~~~~~~~~~~~~~~~~~~~~~~~~~~~~~~~~~~~~~~~~~~~~~~~~~~~~~~~~~
# |            103:  cir.store %arg5, %55 : !cir.float, !cir.ptr<!cir.float> loc(#loc71) 
# | label:268'0     ~~~~~~~~~~~~~~~~~~~~~~~~~~~~~~~~~~~~~~~~~~~~~~~~~~~~~~~~~~~~~~~~~~~~~
# |              .
# |              .
# |              .
# | >>>>>>
# `-----------------------------
# error: command failed with exit status: 1

--

********************
Testing: 
FAIL: Clang :: CIR/CodeGen/loop.cpp (4 of 258)
******************** TEST 'Clang :: CIR/CodeGen/loop.cpp' FAILED ********************
Exit Code: 1

Command Output (stdout):
--
# RUN: at line 1
/Users/revofusion/Projects/llvm/build/bin/clang -cc1 -internal-isystem /Users/revofusion/Projects/llvm/build/lib/clang/22/include -nostdsysteminc -std=c++17 -triple x86_64-unknown-linux-gnu -fclangir -emit-cir /Users/revofusion/Projects/llvm/clang/test/CIR/CodeGen/loop.cpp -o /Users/revofusion/Projects/llvm/build/tools/clang/test/CIR/CodeGen/Output/loop.cpp.tmp.cir
# executed command: /Users/revofusion/Projects/llvm/build/bin/clang -cc1 -internal-isystem /Users/revofusion/Projects/llvm/build/lib/clang/22/include -nostdsysteminc -std=c++17 -triple x86_64-unknown-linux-gnu -fclangir -emit-cir /Users/revofusion/Projects/llvm/clang/test/CIR/CodeGen/loop.cpp -o /Users/revofusion/Projects/llvm/build/tools/clang/test/CIR/CodeGen/Output/loop.cpp.tmp.cir
# .---command stderr------------
# | /Users/revofusion/Projects/llvm/clang/test/CIR/CodeGen/loop.cpp:305:8: warning: range-based for loop initialization statements are a C++20 extension [-Wc++20-extensions]
# |   305 |   for (int arr[]{1,2,3,4}; auto x : arr) {} 
# |       |        ^~~~~~~~~~~~~~~~~~~
# | 1 warning generated.
# `-----------------------------
# RUN: at line 2
/Users/revofusion/Projects/llvm/build/bin/FileCheck --input-file=/Users/revofusion/Projects/llvm/build/tools/clang/test/CIR/CodeGen/Output/loop.cpp.tmp.cir /Users/revofusion/Projects/llvm/clang/test/CIR/CodeGen/loop.cpp --check-prefix=CIR
# executed command: /Users/revofusion/Projects/llvm/build/bin/FileCheck --input-file=/Users/revofusion/Projects/llvm/build/tools/clang/test/CIR/CodeGen/Output/loop.cpp.tmp.cir /Users/revofusion/Projects/llvm/clang/test/CIR/CodeGen/loop.cpp --check-prefix=CIR
# .---command stderr------------
# | /Users/revofusion/Projects/llvm/clang/test/CIR/CodeGen/loop.cpp:315:9: error: CIR: expected string not found in input
# | // CIR: %[[ARR_INIT:.*]] = cir.const #cir.const_array<[#cir.int<1> : !s32i, #cir.int<2> : !s32i, #cir.int<3> : !s32i, #cir.int<4> : !s32i]>
# |         ^
# | /Users/revofusion/Projects/llvm/build/tools/clang/test/CIR/CodeGen/Output/loop.cpp.tmp.cir:110:54: note: scanning from here
# |  %13 = cir.alloca !s32i, !cir.ptr<!s32i>, ["x", init] {alignment = 4 : i64} loc(#loc96)
# |                                                      ^
# | 
# | Input file: /Users/revofusion/Projects/llvm/build/tools/clang/test/CIR/CodeGen/Output/loop.cpp.tmp.cir
# | Check file: /Users/revofusion/Projects/llvm/clang/test/CIR/CodeGen/loop.cpp
# | 
# | -dump-input=help explains the following input dump.
# | 
# | Input was:
# | <<<<<<
# |            .
# |            .
# |            .
# |          105:  cir.scope { 
# |          106:  %9 = cir.alloca !cir.array<!s32i x 4>, !cir.ptr<!cir.array<!s32i x 4>>, ["arr", init] {alignment = 16 : i64} loc(#loc94) 
# |          107:  %10 = cir.alloca !cir.ptr<!cir.array<!s32i x 4>>, !cir.ptr<!cir.ptr<!cir.array<!s32i x 4>>>, ["__range1", init, const] {alignment = 8 : i64} loc(#loc39) 
# |          108:  %11 = cir.alloca !cir.ptr<!s32i>, !cir.ptr<!cir.ptr<!s32i>>, ["__begin1", init] {alignment = 8 : i64} loc(#loc40) 
# |          109:  %12 = cir.alloca !cir.ptr<!s32i>, !cir.ptr<!cir.ptr<!s32i>>, ["__end1", init] {alignment = 8 : i64} loc(#loc95) 
# |          110:  %13 = cir.alloca !s32i, !cir.ptr<!s32i>, ["x", init] {alignment = 4 : i64} loc(#loc96) 
# | check:315                                                          X~~~~~~~~~~~~~~~~~~~~~~~~~~~~~~~~~~ error: no match found
# |          111:  %14 = cir.cast array_to_ptrdecay %9 : !cir.ptr<!cir.array<!s32i x 4>> -> !cir.ptr<!s32i> loc(#loc97) 
# | check:315     ~~~~~~~~~~~~~~~~~~~~~~~~~~~~~~~~~~~~~~~~~~~~~~~~~~~~~~~~~~~~~~~~~~~~~~~~~~~~~~~~~~~~~~~~~~~~~~~~~~~~~~
# |          112:  %15 = cir.const #cir.int<1> : !s32i loc(#loc43) 
# | check:315     ~~~~~~~~~~~~~~~~~~~~~~~~~~~~~~~~~~~~~~~~~~~~~~~~~
# |          113:  cir.store align(4) %15, %14 : !s32i, !cir.ptr<!s32i> loc(#loc43) 
# | check:315     ~~~~~~~~~~~~~~~~~~~~~~~~~~~~~~~~~~~~~~~~~~~~~~~~~~~~~~~~~~~~~~~~~~
# |          114:  %16 = cir.const #cir.int<1> : !s64i loc(#loc97) 
# | check:315     ~~~~~~~~~~~~~~~~~~~~~~~~~~~~~~~~~~~~~~~~~~~~~~~~~
# |          115:  %17 = cir.ptr_stride %14, %16 : (!cir.ptr<!s32i>, !s64i) -> !cir.ptr<!s32i> loc(#loc97) 
# | check:315     ~~~~~~~~~~~~~~~~~~~~~~~~~~~~~~~~~~~~~~~~~~~~~~~~~~~~~~~~~~~~~~~~~~~~~~~~~~~~~~~~~~~~~~~~~
# |            .
# |            .
# |            .
# | >>>>>>
# `-----------------------------
# error: command failed with exit status: 1

--

********************
Testing: 
FAIL: Clang :: CIR/CodeGen/address-space.c (5 of 258)
******************** TEST 'Clang :: CIR/CodeGen/address-space.c' FAILED ********************
Exit Code: 1

Command Output (stdout):
--
# RUN: at line 1
/Users/revofusion/Projects/llvm/build/bin/clang -cc1 -internal-isystem /Users/revofusion/Projects/llvm/build/lib/clang/22/include -nostdsysteminc -triple x86_64-unknown-linux-gnu -fclangir -emit-cir /Users/revofusion/Projects/llvm/clang/test/CIR/CodeGen/address-space.c -o /Users/revofusion/Projects/llvm/build/tools/clang/test/CIR/CodeGen/Output/address-space.c.tmp.cir
# executed command: /Users/revofusion/Projects/llvm/build/bin/clang -cc1 -internal-isystem /Users/revofusion/Projects/llvm/build/lib/clang/22/include -nostdsysteminc -triple x86_64-unknown-linux-gnu -fclangir -emit-cir /Users/revofusion/Projects/llvm/clang/test/CIR/CodeGen/address-space.c -o /Users/revofusion/Projects/llvm/build/tools/clang/test/CIR/CodeGen/Output/address-space.c.tmp.cir
# RUN: at line 2
/Users/revofusion/Projects/llvm/build/bin/FileCheck --input-file=/Users/revofusion/Projects/llvm/build/tools/clang/test/CIR/CodeGen/Output/address-space.c.tmp.cir /Users/revofusion/Projects/llvm/clang/test/CIR/CodeGen/address-space.c -check-prefix=CIR
# executed command: /Users/revofusion/Projects/llvm/build/bin/FileCheck --input-file=/Users/revofusion/Projects/llvm/build/tools/clang/test/CIR/CodeGen/Output/address-space.c.tmp.cir /Users/revofusion/Projects/llvm/clang/test/CIR/CodeGen/address-space.c -check-prefix=CIR
# .---command stderr------------
# | /Users/revofusion/Projects/llvm/clang/test/CIR/CodeGen/address-space.c:9:9: error: CIR: expected string not found in input
# | // CIR: cir.func {{.*}} @foo(%arg0: !cir.ptr<!s32i, target_address_space(1)>
# |         ^
# | /Users/revofusion/Projects/llvm/build/tools/clang/test/CIR/CodeGen/Output/address-space.c.tmp.cir:1:1: note: scanning from here
# | !s32i = !cir.int<s, 32>
# | ^
# | /Users/revofusion/Projects/llvm/build/tools/clang/test/CIR/CodeGen/Output/address-space.c.tmp.cir:12:14: note: possible intended match here
# |  cir.func no_inline dso_local @foo(%arg2: !cir.ptr<!s32i, target_address_space(1)> loc(fused[#loc3, #loc4])) {
# |              ^
# | 
# | Input file: /Users/revofusion/Projects/llvm/build/tools/clang/test/CIR/CodeGen/Output/address-space.c.tmp.cir
# | Check file: /Users/revofusion/Projects/llvm/clang/test/CIR/CodeGen/address-space.c
# | 
# | -dump-input=help explains the following input dump.
# | 
# | Input was:
# | <<<<<<
# |            1: !s32i = !cir.int<s, 32> 
# | check:9'0     X~~~~~~~~~~~~~~~~~~~~~~~ error: no match found
# |            2: #loc3 = loc("/Users/revofusion/Projects/llvm/clang/test/CIR/CodeGen/address-space.c":12:10) 
# | check:9'0     ~~~~~~~~~~~~~~~~~~~~~~~~~~~~~~~~~~~~~~~~~~~~~~~~~~~~~~~~~~~~~~~~~~~~~~~~~~~~~~~~~~~~~~~~~~~~
# |            3: #loc4 = loc("/Users/revofusion/Projects/llvm/clang/test/CIR/CodeGen/address-space.c":12:49) 
# | check:9'0     ~~~~~~~~~~~~~~~~~~~~~~~~~~~~~~~~~~~~~~~~~~~~~~~~~~~~~~~~~~~~~~~~~~~~~~~~~~~~~~~~~~~~~~~~~~~~
# |            4: #loc9 = loc("/Users/revofusion/Projects/llvm/clang/test/CIR/CodeGen/address-space.c":20:10) 
# | check:9'0     ~~~~~~~~~~~~~~~~~~~~~~~~~~~~~~~~~~~~~~~~~~~~~~~~~~~~~~~~~~~~~~~~~~~~~~~~~~~~~~~~~~~~~~~~~~~~
# |            5: #loc10 = loc("/Users/revofusion/Projects/llvm/clang/test/CIR/CodeGen/address-space.c":20:49) 
# | check:9'0     ~~~~~~~~~~~~~~~~~~~~~~~~~~~~~~~~~~~~~~~~~~~~~~~~~~~~~~~~~~~~~~~~~~~~~~~~~~~~~~~~~~~~~~~~~~~~~
# |            6: #loc15 = loc("/Users/revofusion/Projects/llvm/clang/test/CIR/CodeGen/address-space.c":28:10) 
# | check:9'0     ~~~~~~~~~~~~~~~~~~~~~~~~~~~~~~~~~~~~~~~~~~~~~~~~~~~~~~~~~~~~~~~~~~~~~~~~~~~~~~~~~~~~~~~~~~~~~
# |            7: #loc16 = loc("/Users/revofusion/Projects/llvm/clang/test/CIR/CodeGen/address-space.c":28:15) 
# | check:9'0     ~~~~~~~~~~~~~~~~~~~~~~~~~~~~~~~~~~~~~~~~~~~~~~~~~~~~~~~~~~~~~~~~~~~~~~~~~~~~~~~~~~~~~~~~~~~~~
# |            8: #loc20 = loc(fused[#loc3, #loc4]) 
# | check:9'0     ~~~~~~~~~~~~~~~~~~~~~~~~~~~~~~~~~~
# |            9: #loc22 = loc(fused[#loc9, #loc10]) 
# | check:9'0     ~~~~~~~~~~~~~~~~~~~~~~~~~~~~~~~~~~~
# |           10: #loc24 = loc(fused[#loc15, #loc16]) 
# | check:9'0     ~~~~~~~~~~~~~~~~~~~~~~~~~~~~~~~~~~~~
# |           11: module @"/Users/revofusion/Projects/llvm/clang/test/CIR/CodeGen/address-space.c" attributes {cir.lang = #cir.lang<c>, cir.module_asm = [], cir.triple = "x86_64-unknown-linux-gnu", dlti.dl_spec = #dlti.dl_spec<!llvm.ptr<270> = dense<32> : vector<4xi64>, !llvm.ptr<271> = dense<32> : vector<4xi64>, !llvm.ptr<272> = dense<64> : vector<4xi64>, i64 = dense<64> : vector<2xi64>, i128 = dense<128> : vector<2xi64>, f80 = dense<128> : vector<2xi64>, !llvm.ptr = dense<64> : vector<4xi64>, i1 = dense<8> : vector<2xi64>, i8 = dense<8> : vector<2xi64>, i16 = dense<16> : vector<2xi64>, i32 = dense<32> : vector<2xi64>, f16 = dense<16> : vector<2xi64>, f64 = dense<64> : vector<2xi64>, f128 = dense<128> : vector<2xi64>, "dlti.endianness" = "little", "dlti.mangling_mode" = "e", "dlti.legal_int_widths" = array<i32: 8, 16, 32, 64>, "dlti.stack_alignment" = 128 : i64>} { 
# | check:9'0     ~~~~~~~~~~~~~~~~~~~~~~~~~~~~~~~~~~~~~~~~~~~~~~~~~~~~~~~~~~~~~~~~~~~~~~~~~~~~~~~~~~~~~~~~~~~~~~~~~~~~~~~~~~~~~~~~~~~~~~~~~~~~~~~~~~~~~~~~~~~~~~~~~~~~~~~~~~~~~~~~~~~~~~~~~~~~~~~~~~~~~~~~~~~~~~~~~~~~~~~~~~~~~~~~~~~~~~~~~~~~~~~~~~~~~~~~~~~~~~~~~~~~~~~~~~~~~~~~~~~~~~~~~~~~~~~~~~~~~~~~~~~~~~~~~~~~~~~~~~~~~~~~~~~~~~~~~~~~~~~~~~~~~~~~~~~~~~~~~~~~~~~~~~~~~~~~~~~~~~~~~~~~~~~~~~~~~~~~~~~~~~~~~~~~~~~~~~~~~~~~~~~~~~~~~~~~~~~~~~~~~~~~~~~~~~~~~~~~~~~~~~~~~~~~~~~~~~~~~~~~~~~~~~~~~~~~~~~~~~~~~~~~~~~~~~~~~~~~~~~~~~~~~~~~~~~~~~~~~~~~~~~~~~~~~~~~~~~~~~~~~~~~~~~~~~~~~~~~~~~~~~~~~~~~~~~~~~~~~~~~~~~~~~~~~~~~~~~~~~~~~~~~~~~~~~~~~~~~~~~~~~~~~~~~~~~~~~~~~~~~~~~~~~~~~~~~~~~~~~~~~~~~~~~~~~~~~~~~~~~~~~~~~~~~~~~~~~~~~~~~~~~~~~~~~~~~~~~~~~~~~~~~~~~~~~~~~~~~~~~~~~~~~~~~~~~~~~~~~~~~~~~~~~~~~~~~~~~~~~~~~~~~~~~~~~~~~~~~~~~~~~~~~~~~~~~~~~~~~~~~~~~~~~~~~~~~~~~~~~~~~~~~~~~~~~~~~~~~~~~~~
# |           12:  cir.func no_inline dso_local @foo(%arg2: !cir.ptr<!s32i, target_address_space(1)> loc(fused[#loc3, #loc4])) { 
# | check:9'0     ~~~~~~~~~~~~~~~~~~~~~~~~~~~~~~~~~~~~~~~~~~~~~~~~~~~~~~~~~~~~~~~~~~~~~~~~~~~~~~~~~~~~~~~~~~~~~~~~~~~~~~~~~~~~~~~
# | check:9'1                  ?                                                                                                  possible intended match
# |           13:  %2 = cir.alloca !cir.ptr<!s32i, target_address_space(1)>, !cir.ptr<!cir.ptr<!s32i, target_address_space(1)>>, ["arg", init] {alignment = 8 : i64} loc(#loc20) 
# | check:9'0     ~~~~~~~~~~~~~~~~~~~~~~~~~~~~~~~~~~~~~~~~~~~~~~~~~~~~~~~~~~~~~~~~~~~~~~~~~~~~~~~~~~~~~~~~~~~~~~~~~~~~~~~~~~~~~~~~~~~~~~~~~~~~~~~~~~~~~~~~~~~~~~~~~~~~~~~~~~~~~~~
# |           14:  cir.store %arg2, %2 : !cir.ptr<!s32i, target_address_space(1)>, !cir.ptr<!cir.ptr<!s32i, target_address_space(1)>> loc(#loc5) 
# | check:9'0     ~~~~~~~~~~~~~~~~~~~~~~~~~~~~~~~~~~~~~~~~~~~~~~~~~~~~~~~~~~~~~~~~~~~~~~~~~~~~~~~~~~~~~~~~~~~~~~~~~~~~~~~~~~~~~~~~~~~~~~~~~~~~~~~
# |           15:  cir.return loc(#loc6) 
# | check:9'0     ~~~~~~~~~~~~~~~~~~~~~~~
# |           16:  } loc(#loc19) 
# | check:9'0     ~~~~~~~~~~~~~~~
# |           17:  cir.func no_inline dso_local @bar(%arg1: !cir.ptr<!s32i, target_address_space(0)> loc(fused[#loc9, #loc10])) { 
# | check:9'0     ~~~~~~~~~~~~~~~~~~~~~~~~~~~~~~~~~~~~~~~~~~~~~~~~~~~~~~~~~~~~~~~~~~~~~~~~~~~~~~~~~~~~~~~~~~~~~~~~~~~~~~~~~~~~~~~~
# |            .
# |            .
# |            .
# | >>>>>>
# `-----------------------------
# error: command failed with exit status: 1

--

********************
Testing: 
FAIL: Clang :: CIR/CodeGen/vector-ext.cpp (6 of 258)
******************** TEST 'Clang :: CIR/CodeGen/vector-ext.cpp' FAILED ********************
Exit Code: 1

Command Output (stdout):
--
# RUN: at line 1
/Users/revofusion/Projects/llvm/build/bin/clang -cc1 -internal-isystem /Users/revofusion/Projects/llvm/build/lib/clang/22/include -nostdsysteminc -triple x86_64-unknown-linux-gnu -Wno-unused-value -fclangir -emit-cir /Users/revofusion/Projects/llvm/clang/test/CIR/CodeGen/vector-ext.cpp -o /Users/revofusion/Projects/llvm/build/tools/clang/test/CIR/CodeGen/Output/vector-ext.cpp.tmp.cir
# executed command: /Users/revofusion/Projects/llvm/build/bin/clang -cc1 -internal-isystem /Users/revofusion/Projects/llvm/build/lib/clang/22/include -nostdsysteminc -triple x86_64-unknown-linux-gnu -Wno-unused-value -fclangir -emit-cir /Users/revofusion/Projects/llvm/clang/test/CIR/CodeGen/vector-ext.cpp -o /Users/revofusion/Projects/llvm/build/tools/clang/test/CIR/CodeGen/Output/vector-ext.cpp.tmp.cir
# RUN: at line 2
/Users/revofusion/Projects/llvm/build/bin/FileCheck --input-file=/Users/revofusion/Projects/llvm/build/tools/clang/test/CIR/CodeGen/Output/vector-ext.cpp.tmp.cir /Users/revofusion/Projects/llvm/clang/test/CIR/CodeGen/vector-ext.cpp -check-prefix=CIR
# executed command: /Users/revofusion/Projects/llvm/build/bin/FileCheck --input-file=/Users/revofusion/Projects/llvm/build/tools/clang/test/CIR/CodeGen/Output/vector-ext.cpp.tmp.cir /Users/revofusion/Projects/llvm/clang/test/CIR/CodeGen/vector-ext.cpp -check-prefix=CIR
# .---command stderr------------
# | /Users/revofusion/Projects/llvm/clang/test/CIR/CodeGen/vector-ext.cpp:256:9: error: CIR: expected string not found in input
# | // CIR: %[[NEW_VEC:.*]] = cir.vec.insert %[[TMP1]], %[[TMP3]][%[[TMP2]] : !s32i] : !cir.vector<4 x !s32i>
# |         ^
# | /Users/revofusion/Projects/llvm/build/tools/clang/test/CIR/CodeGen/Output/vector-ext.cpp.tmp.cir:464:87: note: scanning from here
# |  %2 = cir.load align(16) %0 : !cir.ptr<!cir.vector<4 x !s32i>>, !cir.vector<4 x !s32i> loc(#loc334)
# |                                                                                       ^
# | /Users/revofusion/Projects/llvm/build/tools/clang/test/CIR/CodeGen/Output/vector-ext.cpp.tmp.cir:464:87: note: with "TMP1" equal to "250"
# |  %2 = cir.load align(16) %0 : !cir.ptr<!cir.vector<4 x !s32i>>, !cir.vector<4 x !s32i> loc(#loc334)
# |                                                                                       ^
# | /Users/revofusion/Projects/llvm/build/tools/clang/test/CIR/CodeGen/Output/vector-ext.cpp.tmp.cir:464:87: note: with "TMP3" equal to "2"
# |  %2 = cir.load align(16) %0 : !cir.ptr<!cir.vector<4 x !s32i>>, !cir.vector<4 x !s32i> loc(#loc334)
# |                                                                                       ^
# | /Users/revofusion/Projects/llvm/build/tools/clang/test/CIR/CodeGen/Output/vector-ext.cpp.tmp.cir:464:87: note: with "TMP2" equal to "251"
# |  %2 = cir.load align(16) %0 : !cir.ptr<!cir.vector<4 x !s32i>>, !cir.vector<4 x !s32i> loc(#loc334)
# |                                                                                       ^
# | /Users/revofusion/Projects/llvm/build/tools/clang/test/CIR/CodeGen/Output/vector-ext.cpp.tmp.cir:465:18: note: possible intended match here
# |  cir.store align(16) %2, %1 : !cir.vector<4 x !s32i>, !cir.ptr<!cir.vector<4 x !s32i>> loc(#loc507)
# |                  ^
# | 
# | Input file: /Users/revofusion/Projects/llvm/build/tools/clang/test/CIR/CodeGen/Output/vector-ext.cpp.tmp.cir
# | Check file: /Users/revofusion/Projects/llvm/clang/test/CIR/CodeGen/vector-ext.cpp
# | 
# | -dump-input=help explains the following input dump.
# | 
# | Input was:
# | <<<<<<
# |              .
# |              .
# |              .
# |            459:  cir.return loc(#loc323) 
# |            460:  } loc(#loc502) 
# |            461:  cir.func no_inline dso_local @_Z15unary_extensionv() { 
# |            462:  %0 = cir.alloca !cir.vector<4 x !s32i>, !cir.ptr<!cir.vector<4 x !s32i>>, ["a"] {alignment = 16 : i64} loc(#loc506) 
# |            463:  %1 = cir.alloca !cir.vector<4 x !s32i>, !cir.ptr<!cir.vector<4 x !s32i>>, ["b", init] {alignment = 16 : i64} loc(#loc507) 
# |            464:  %2 = cir.load align(16) %0 : !cir.ptr<!cir.vector<4 x !s32i>>, !cir.vector<4 x !s32i> loc(#loc334) 
# | check:256'0                                                                                           X~~~~~~~~~~~~~ error: no match found
# | check:256'1                                                                                                          with "TMP1" equal to "250"
# | check:256'2                                                                                                          with "TMP3" equal to "2"
# | check:256'3                                                                                                          with "TMP2" equal to "251"
# |            465:  cir.store align(16) %2, %1 : !cir.vector<4 x !s32i>, !cir.ptr<!cir.vector<4 x !s32i>> loc(#loc507) 
# | check:256'0     ~~~~~~~~~~~~~~~~~~~~~~~~~~~~~~~~~~~~~~~~~~~~~~~~~~~~~~~~~~~~~~~~~~~~~~~~~~~~~~~~~~~~~~~~~~~~~~~~~~~~
# | check:256'4                      ?                                                                                   possible intended match
# |            466:  cir.return loc(#loc330) 
# | check:256'0     ~~~~~~~~~~~~~~~~~~~~~~~~~
# |            467:  } loc(#loc505) 
# | check:256'0     ~~~~~~~~~~~~~~~~
# |            468: } loc(#loc) 
# | check:256'0     ~~~~~~~~~~~~
# |            469: #loc = loc("/Users/revofusion/Projects/llvm/clang/test/CIR/CodeGen/vector-ext.cpp":0:0) 
# | check:256'0     ~~~~~~~~~~~~~~~~~~~~~~~~~~~~~~~~~~~~~~~~~~~~~~~~~~~~~~~~~~~~~~~~~~~~~~~~~~~~~~~~~~~~~~~~
# |            470: #loc1 = loc("/Users/revofusion/Projects/llvm/clang/test/CIR/CodeGen/vector-ext.cpp":18:1) 
# | check:256'0     ~~~~~~~~~~~~~~~~~~~~~~~~~~~~~~~~~~~~~~~~~~~~~~~~~~~~~~~~~~~~~~~~~~~~~~~~~~~~~~~~~~~~~~~~~~
# |              .
# |              .
# |              .
# | >>>>>>
# `-----------------------------
# error: command failed with exit status: 1

--

********************
Testing: 
FAIL: Clang :: CIR/CodeGen/embed-expr.c (7 of 258)
******************** TEST 'Clang :: CIR/CodeGen/embed-expr.c' FAILED ********************
Exit Code: 1

Command Output (stdout):
--
# RUN: at line 1
/Users/revofusion/Projects/llvm/build/bin/clang -cc1 -internal-isystem /Users/revofusion/Projects/llvm/build/lib/clang/22/include -nostdsysteminc -std=c23 -triple x86_64-unknown-linux-gnu -Wno-unused-value -fclangir -emit-cir /Users/revofusion/Projects/llvm/clang/test/CIR/CodeGen/embed-expr.c -o /Users/revofusion/Projects/llvm/build/tools/clang/test/CIR/CodeGen/Output/embed-expr.c.tmp.cir
# executed command: /Users/revofusion/Projects/llvm/build/bin/clang -cc1 -internal-isystem /Users/revofusion/Projects/llvm/build/lib/clang/22/include -nostdsysteminc -std=c23 -triple x86_64-unknown-linux-gnu -Wno-unused-value -fclangir -emit-cir /Users/revofusion/Projects/llvm/clang/test/CIR/CodeGen/embed-expr.c -o /Users/revofusion/Projects/llvm/build/tools/clang/test/CIR/CodeGen/Output/embed-expr.c.tmp.cir
# .---command stderr------------
# | /Users/revofusion/Projects/llvm/clang/test/CIR/CodeGen/embed-expr.c:12:1: warning: excess elements in array initializer [-Wexcess-initializers]
# |    12 | #embed __FILE__
# |       | ^
# | /Users/revofusion/Projects/llvm/clang/test/CIR/CodeGen/embed-expr.c:31:1: warning: excess elements in array initializer [-Wexcess-initializers]
# |    31 | #embed __FILE__
# |       | ^
# | 2 warnings generated.
# `-----------------------------
# RUN: at line 2
/Users/revofusion/Projects/llvm/build/bin/FileCheck --input-file=/Users/revofusion/Projects/llvm/build/tools/clang/test/CIR/CodeGen/Output/embed-expr.c.tmp.cir /Users/revofusion/Projects/llvm/clang/test/CIR/CodeGen/embed-expr.c -check-prefix=CIR
# executed command: /Users/revofusion/Projects/llvm/build/bin/FileCheck --input-file=/Users/revofusion/Projects/llvm/build/tools/clang/test/CIR/CodeGen/Output/embed-expr.c.tmp.cir /Users/revofusion/Projects/llvm/clang/test/CIR/CodeGen/embed-expr.c -check-prefix=CIR
# .---command stderr------------
# | /Users/revofusion/Projects/llvm/clang/test/CIR/CodeGen/embed-expr.c:17:9: error: CIR: expected string not found in input
# | // CIR: %[[ARRAY:.*]] = cir.const #cir.const_array<[#cir.int<1> : !s32i, #cir.int<2> : !s32i, #cir.int<47> : !s32i]> : !cir.array<!s32i x 3>
# |         ^
# | /Users/revofusion/Projects/llvm/build/tools/clang/test/CIR/CodeGen/Output/embed-expr.c.tmp.cir:5:86: note: scanning from here
# |  %10 = cir.alloca !cir.array<!s32i x 3>, !cir.ptr<!cir.array<!s32i x 3>>, ["a", init] {alignment = 4 : i64} loc(#loc20)
# |                                                                                      ^
# | 
# | Input file: /Users/revofusion/Projects/llvm/build/tools/clang/test/CIR/CodeGen/Output/embed-expr.c.tmp.cir
# | Check file: /Users/revofusion/Projects/llvm/clang/test/CIR/CodeGen/embed-expr.c
# | 
# | -dump-input=help explains the following input dump.
# | 
# | Input was:
# | <<<<<<
# |           1: !s32i = !cir.int<s, 32> 
# |           2: !s64i = !cir.int<s, 64> 
# |           3: module @"/Users/revofusion/Projects/llvm/clang/test/CIR/CodeGen/embed-expr.c" attributes {cir.lang = #cir.lang<c>, cir.module_asm = [], cir.triple = "x86_64-unknown-linux-gnu", dlti.dl_spec = #dlti.dl_spec<!llvm.ptr<270> = dense<32> : vector<4xi64>, !llvm.ptr<271> = dense<32> : vector<4xi64>, !llvm.ptr<272> = dense<64> : vector<4xi64>, i64 = dense<64> : vector<2xi64>, i128 = dense<128> : vector<2xi64>, f80 = dense<128> : vector<2xi64>, !llvm.ptr = dense<64> : vector<4xi64>, i1 = dense<8> : vector<2xi64>, i8 = dense<8> : vector<2xi64>, i16 = dense<16> : vector<2xi64>, i32 = dense<32> : vector<2xi64>, f16 = dense<16> : vector<2xi64>, f64 = dense<64> : vector<2xi64>, f128 = dense<128> : vector<2xi64>, "dlti.endianness" = "little", "dlti.mangling_mode" = "e", "dlti.legal_int_widths" = array<i32: 8, 16, 32, 64>, "dlti.stack_alignment" = 128 : i64>} { 
# |           4:  cir.func no_inline dso_local @embed_expr_on_scalar_with_constants() { 
# |           5:  %10 = cir.alloca !cir.array<!s32i x 3>, !cir.ptr<!cir.array<!s32i x 3>>, ["a", init] {alignment = 4 : i64} loc(#loc20) 
# | check:17                                                                                          X~~~~~~~~~~~~~~~~~~~~~~~~~~~~~~~~~~ error: no match found
# |           6:  %11 = cir.cast array_to_ptrdecay %10 : !cir.ptr<!cir.array<!s32i x 3>> -> !cir.ptr<!s32i> loc(#loc21) 
# | check:17     ~~~~~~~~~~~~~~~~~~~~~~~~~~~~~~~~~~~~~~~~~~~~~~~~~~~~~~~~~~~~~~~~~~~~~~~~~~~~~~~~~~~~~~~~~~~~~~~~~~~~~~~
# |           7:  %12 = cir.const #cir.int<1> : !s32i loc(#loc6) 
# | check:17     ~~~~~~~~~~~~~~~~~~~~~~~~~~~~~~~~~~~~~~~~~~~~~~~~
# |           8:  cir.store align(4) %12, %11 : !s32i, !cir.ptr<!s32i> loc(#loc6) 
# | check:17     ~~~~~~~~~~~~~~~~~~~~~~~~~~~~~~~~~~~~~~~~~~~~~~~~~~~~~~~~~~~~~~~~~
# |           9:  %13 = cir.const #cir.int<1> : !s64i loc(#loc21) 
# | check:17     ~~~~~~~~~~~~~~~~~~~~~~~~~~~~~~~~~~~~~~~~~~~~~~~~~
# |          10:  %14 = cir.ptr_stride %11, %13 : (!cir.ptr<!s32i>, !s64i) -> !cir.ptr<!s32i> loc(#loc21) 
# | check:17     ~~~~~~~~~~~~~~~~~~~~~~~~~~~~~~~~~~~~~~~~~~~~~~~~~~~~~~~~~~~~~~~~~~~~~~~~~~~~~~~~~~~~~~~~~
# |           .
# |           .
# |           .
# | >>>>>>
# `-----------------------------
# error: command failed with exit status: 1

--

********************
Testing:  0
FAIL: Clang :: CIR/CodeGen/complex-mul-div.cpp (8 of 258)
******************** TEST 'Clang :: CIR/CodeGen/complex-mul-div.cpp' FAILED ********************
Exit Code: 1

Command Output (stdout):
--
# RUN: at line 2
/Users/revofusion/Projects/llvm/build/bin/clang -cc1 -internal-isystem /Users/revofusion/Projects/llvm/build/lib/clang/22/include -nostdsysteminc -triple x86_64-unknown-linux-gnu -fclangir -complex-range=basic -Wno-unused-value -fclangir -emit-cir -mmlir --mlir-print-ir-before=cir-canonicalize -o /Users/revofusion/Projects/llvm/build/tools/clang/test/CIR/CodeGen/Output/complex-mul-div.cpp.tmp.cir /Users/revofusion/Projects/llvm/clang/test/CIR/CodeGen/complex-mul-div.cpp 2>&1 | /Users/revofusion/Projects/llvm/build/bin/FileCheck --check-prefix=CIR-BEFORE-BASIC /Users/revofusion/Projects/llvm/clang/test/CIR/CodeGen/complex-mul-div.cpp
# executed command: /Users/revofusion/Projects/llvm/build/bin/clang -cc1 -internal-isystem /Users/revofusion/Projects/llvm/build/lib/clang/22/include -nostdsysteminc -triple x86_64-unknown-linux-gnu -fclangir -complex-range=basic -Wno-unused-value -fclangir -emit-cir -mmlir --mlir-print-ir-before=cir-canonicalize -o /Users/revofusion/Projects/llvm/build/tools/clang/test/CIR/CodeGen/Output/complex-mul-div.cpp.tmp.cir /Users/revofusion/Projects/llvm/clang/test/CIR/CodeGen/complex-mul-div.cpp
# executed command: /Users/revofusion/Projects/llvm/build/bin/FileCheck --check-prefix=CIR-BEFORE-BASIC /Users/revofusion/Projects/llvm/clang/test/CIR/CodeGen/complex-mul-div.cpp
# RUN: at line 3
/Users/revofusion/Projects/llvm/build/bin/clang -cc1 -internal-isystem /Users/revofusion/Projects/llvm/build/lib/clang/22/include -nostdsysteminc -std=c++20 -triple x86_64-unknown-linux-gnu -complex-range=basic -Wno-unused-value -fclangir -emit-cir /Users/revofusion/Projects/llvm/clang/test/CIR/CodeGen/complex-mul-div.cpp -o /Users/revofusion/Projects/llvm/build/tools/clang/test/CIR/CodeGen/Output/complex-mul-div.cpp.tmp.cir
# executed command: /Users/revofusion/Projects/llvm/build/bin/clang -cc1 -internal-isystem /Users/revofusion/Projects/llvm/build/lib/clang/22/include -nostdsysteminc -std=c++20 -triple x86_64-unknown-linux-gnu -complex-range=basic -Wno-unused-value -fclangir -emit-cir /Users/revofusion/Projects/llvm/clang/test/CIR/CodeGen/complex-mul-div.cpp -o /Users/revofusion/Projects/llvm/build/tools/clang/test/CIR/CodeGen/Output/complex-mul-div.cpp.tmp.cir
# RUN: at line 4
/Users/revofusion/Projects/llvm/build/bin/FileCheck --input-file=/Users/revofusion/Projects/llvm/build/tools/clang/test/CIR/CodeGen/Output/complex-mul-div.cpp.tmp.cir /Users/revofusion/Projects/llvm/clang/test/CIR/CodeGen/complex-mul-div.cpp --check-prefixes=CIR-AFTER-INT,CIR-AFTER-MUL-COMBINED,CIR-COMBINED,CIR-AFTER-BASIC
# executed command: /Users/revofusion/Projects/llvm/build/bin/FileCheck --input-file=/Users/revofusion/Projects/llvm/build/tools/clang/test/CIR/CodeGen/Output/complex-mul-div.cpp.tmp.cir /Users/revofusion/Projects/llvm/clang/test/CIR/CodeGen/complex-mul-div.cpp --check-prefixes=CIR-AFTER-INT,CIR-AFTER-MUL-COMBINED,CIR-COMBINED,CIR-AFTER-BASIC
# .---command stderr------------
# | /Users/revofusion/Projects/llvm/clang/test/CIR/CodeGen/complex-mul-div.cpp:291:18: error: CIR-COMBINED: expected string not found in input
# | // CIR-COMBINED: %[[TMP_A:.*]] = cir.load{{.*}} %0 : !cir.ptr<!cir.complex<!cir.float>>, !cir.complex<!cir.float>
# |                  ^
# | /Users/revofusion/Projects/llvm/build/tools/clang/test/CIR/CodeGen/Output/complex-mul-div.cpp.tmp.cir:46:93: note: scanning from here
# |  %100 = cir.alloca !cir.complex<!cir.float>, !cir.ptr<!cir.complex<!cir.float>>, ["c", init] {alignment = 4 : i64} loc(#loc92)
# |                                                                                             ^
# | /Users/revofusion/Projects/llvm/build/tools/clang/test/CIR/CodeGen/Output/complex-mul-div.cpp.tmp.cir:61:2: note: possible intended match here
# |  %80 = cir.load align(4) %77 : !cir.ptr<!cir.complex<!cir.float>>, !cir.complex<!cir.float> loc(#loc39)
# |  ^
# | 
# | Input file: /Users/revofusion/Projects/llvm/build/tools/clang/test/CIR/CodeGen/Output/complex-mul-div.cpp.tmp.cir
# | Check file: /Users/revofusion/Projects/llvm/clang/test/CIR/CodeGen/complex-mul-div.cpp
# | 
# | -dump-input=help explains the following input dump.
# | 
# | Input was:
# | <<<<<<
# |              .
# |              .
# |              .
# |             41:  cir.return loc(#loc12) 
# |             42:  } loc(#loc85) 
# |             43:  cir.func no_inline dso_local @_Z4foo2v() { 
# |             44:  %98 = cir.alloca !cir.complex<!cir.float>, !cir.ptr<!cir.complex<!cir.float>>, ["a"] {alignment = 4 : i64} loc(#loc90) 
# |             45:  %99 = cir.alloca !cir.float, !cir.ptr<!cir.float>, ["b"] {alignment = 4 : i64} loc(#loc91) 
# |             46:  %100 = cir.alloca !cir.complex<!cir.float>, !cir.ptr<!cir.complex<!cir.float>>, ["c", init] {alignment = 4 : i64} loc(#loc92) 
# | check:291'0                                                                                                 X~~~~~~~~~~~~~~~~~~~~~~~~~~~~~~~~~~ error: no match found
# |             47:  %101 = cir.load align(4) %98 : !cir.ptr<!cir.complex<!cir.float>>, !cir.complex<!cir.float> loc(#loc29) 
# | check:291'0     ~~~~~~~~~~~~~~~~~~~~~~~~~~~~~~~~~~~~~~~~~~~~~~~~~~~~~~~~~~~~~~~~~~~~~~~~~~~~~~~~~~~~~~~~~~~~~~~~~~~~~~~~~
# |             48:  %102 = cir.load align(4) %99 : !cir.ptr<!cir.float>, !cir.float loc(#loc28) 
# | check:291'0     ~~~~~~~~~~~~~~~~~~~~~~~~~~~~~~~~~~~~~~~~~~~~~~~~~~~~~~~~~~~~~~~~~~~~~~~~~~~~~
# |             49:  %103 = cir.complex.real %101 : !cir.complex<!cir.float> -> !cir.float loc(#loc30) 
# | check:291'0     ~~~~~~~~~~~~~~~~~~~~~~~~~~~~~~~~~~~~~~~~~~~~~~~~~~~~~~~~~~~~~~~~~~~~~~~~~~~~~~~~~~~
# |             50:  %104 = cir.complex.imag %101 : !cir.complex<!cir.float> -> !cir.float loc(#loc30) 
# | check:291'0     ~~~~~~~~~~~~~~~~~~~~~~~~~~~~~~~~~~~~~~~~~~~~~~~~~~~~~~~~~~~~~~~~~~~~~~~~~~~~~~~~~~~
# |             51:  %105 = cir.binop(mul, %103, %102) : !cir.float loc(#loc30) 
# | check:291'0     ~~~~~~~~~~~~~~~~~~~~~~~~~~~~~~~~~~~~~~~~~~~~~~~~~~~~~~~~~~~~
# |              .
# |              .
# |              .
# |             56:  } loc(#loc89) 
# | check:291'0     ~~~~~~~~~~~~~~~
# |             57:  cir.func no_inline dso_local @_Z4foo3v() { 
# | check:291'0     ~~~~~~~~~~~~~~~~~~~~~~~~~~~~~~~~~~~~~~~~~~~~
# |             58:  %77 = cir.alloca !cir.complex<!cir.float>, !cir.ptr<!cir.complex<!cir.float>>, ["a"] {alignment = 4 : i64} loc(#loc94) 
# | check:291'0     ~~~~~~~~~~~~~~~~~~~~~~~~~~~~~~~~~~~~~~~~~~~~~~~~~~~~~~~~~~~~~~~~~~~~~~~~~~~~~~~~~~~~~~~~~~~~~~~~~~~~~~~~~~~~~~~~~~~~~~~~
# |             59:  %78 = cir.alloca !cir.complex<!cir.float>, !cir.ptr<!cir.complex<!cir.float>>, ["b"] {alignment = 4 : i64} loc(#loc95) 
# | check:291'0     ~~~~~~~~~~~~~~~~~~~~~~~~~~~~~~~~~~~~~~~~~~~~~~~~~~~~~~~~~~~~~~~~~~~~~~~~~~~~~~~~~~~~~~~~~~~~~~~~~~~~~~~~~~~~~~~~~~~~~~~~
# |             60:  %79 = cir.alloca !cir.complex<!cir.float>, !cir.ptr<!cir.complex<!cir.float>>, ["c", init] {alignment = 4 : i64} loc(#loc96) 
# | check:291'0     ~~~~~~~~~~~~~~~~~~~~~~~~~~~~~~~~~~~~~~~~~~~~~~~~~~~~~~~~~~~~~~~~~~~~~~~~~~~~~~~~~~~~~~~~~~~~~~~~~~~~~~~~~~~~~~~~~~~~~~~~~~~~~~
# |             61:  %80 = cir.load align(4) %77 : !cir.ptr<!cir.complex<!cir.float>>, !cir.complex<!cir.float> loc(#loc39) 
# | check:291'0     ~~~~~~~~~~~~~~~~~~~~~~~~~~~~~~~~~~~~~~~~~~~~~~~~~~~~~~~~~~~~~~~~~~~~~~~~~~~~~~~~~~~~~~~~~~~~~~~~~~~~~~~~
# | check:291'1      ?                                                                                                       possible intended match
# |             62:  %81 = cir.load align(4) %78 : !cir.ptr<!cir.complex<!cir.float>>, !cir.complex<!cir.float> loc(#loc38) 
# | check:291'0     ~~~~~~~~~~~~~~~~~~~~~~~~~~~~~~~~~~~~~~~~~~~~~~~~~~~~~~~~~~~~~~~~~~~~~~~~~~~~~~~~~~~~~~~~~~~~~~~~~~~~~~~~
# |             63:  %82 = cir.complex.real %80 : !cir.complex<!cir.float> -> !cir.float loc(#loc40) 
# | check:291'0     ~~~~~~~~~~~~~~~~~~~~~~~~~~~~~~~~~~~~~~~~~~~~~~~~~~~~~~~~~~~~~~~~~~~~~~~~~~~~~~~~~
# |             64:  %83 = cir.complex.imag %80 : !cir.complex<!cir.float> -> !cir.float loc(#loc40) 
# | check:291'0     ~~~~~~~~~~~~~~~~~~~~~~~~~~~~~~~~~~~~~~~~~~~~~~~~~~~~~~~~~~~~~~~~~~~~~~~~~~~~~~~~~
# |             65:  %84 = cir.complex.real %81 : !cir.complex<!cir.float> -> !cir.float loc(#loc40) 
# | check:291'0     ~~~~~~~~~~~~~~~~~~~~~~~~~~~~~~~~~~~~~~~~~~~~~~~~~~~~~~~~~~~~~~~~~~~~~~~~~~~~~~~~~
# |             66:  %85 = cir.complex.imag %81 : !cir.complex<!cir.float> -> !cir.float loc(#loc40) 
# | check:291'0     ~~~~~~~~~~~~~~~~~~~~~~~~~~~~~~~~~~~~~~~~~~~~~~~~~~~~~~~~~~~~~~~~~~~~~~~~~~~~~~~~~
# |              .
# |              .
# |              .
# | >>>>>>
# `-----------------------------
# error: command failed with exit status: 1

--

********************
Testing:  0
FAIL: Clang :: CIR/CodeGen/vector.cpp (9 of 258)
******************** TEST 'Clang :: CIR/CodeGen/vector.cpp' FAILED ********************
Exit Code: 1

Command Output (stdout):
--
# RUN: at line 1
/Users/revofusion/Projects/llvm/build/bin/clang -cc1 -internal-isystem /Users/revofusion/Projects/llvm/build/lib/clang/22/include -nostdsysteminc -triple x86_64-unknown-linux-gnu -Wno-unused-value -fclangir -emit-cir /Users/revofusion/Projects/llvm/clang/test/CIR/CodeGen/vector.cpp -o /Users/revofusion/Projects/llvm/build/tools/clang/test/CIR/CodeGen/Output/vector.cpp.tmp.cir
# executed command: /Users/revofusion/Projects/llvm/build/bin/clang -cc1 -internal-isystem /Users/revofusion/Projects/llvm/build/lib/clang/22/include -nostdsysteminc -triple x86_64-unknown-linux-gnu -Wno-unused-value -fclangir -emit-cir /Users/revofusion/Projects/llvm/clang/test/CIR/CodeGen/vector.cpp -o /Users/revofusion/Projects/llvm/build/tools/clang/test/CIR/CodeGen/Output/vector.cpp.tmp.cir
# RUN: at line 2
/Users/revofusion/Projects/llvm/build/bin/FileCheck --input-file=/Users/revofusion/Projects/llvm/build/tools/clang/test/CIR/CodeGen/Output/vector.cpp.tmp.cir /Users/revofusion/Projects/llvm/clang/test/CIR/CodeGen/vector.cpp -check-prefix=CIR
# executed command: /Users/revofusion/Projects/llvm/build/bin/FileCheck --input-file=/Users/revofusion/Projects/llvm/build/tools/clang/test/CIR/CodeGen/Output/vector.cpp.tmp.cir /Users/revofusion/Projects/llvm/clang/test/CIR/CodeGen/vector.cpp -check-prefix=CIR
# .---command stderr------------
# | /Users/revofusion/Projects/llvm/clang/test/CIR/CodeGen/vector.cpp:243:9: error: CIR: expected string not found in input
# | // CIR: %[[NEW_VEC:.*]] = cir.vec.insert %[[TMP1]], %[[TMP3]][%[[TMP2]] : !s32i] : !cir.vector<4 x !s32i>
# |         ^
# | /Users/revofusion/Projects/llvm/build/tools/clang/test/CIR/CodeGen/Output/vector.cpp.tmp.cir:512:87: note: scanning from here
# |  %2 = cir.load align(16) %0 : !cir.ptr<!cir.vector<4 x !s32i>>, !cir.vector<4 x !s32i> loc(#loc376)
# |                                                                                       ^
# | /Users/revofusion/Projects/llvm/build/tools/clang/test/CIR/CodeGen/Output/vector.cpp.tmp.cir:512:87: note: with "TMP1" equal to "284"
# |  %2 = cir.load align(16) %0 : !cir.ptr<!cir.vector<4 x !s32i>>, !cir.vector<4 x !s32i> loc(#loc376)
# |                                                                                       ^
# | /Users/revofusion/Projects/llvm/build/tools/clang/test/CIR/CodeGen/Output/vector.cpp.tmp.cir:512:87: note: with "TMP3" equal to "2"
# |  %2 = cir.load align(16) %0 : !cir.ptr<!cir.vector<4 x !s32i>>, !cir.vector<4 x !s32i> loc(#loc376)
# |                                                                                       ^
# | /Users/revofusion/Projects/llvm/build/tools/clang/test/CIR/CodeGen/Output/vector.cpp.tmp.cir:512:87: note: with "TMP2" equal to "285"
# |  %2 = cir.load align(16) %0 : !cir.ptr<!cir.vector<4 x !s32i>>, !cir.vector<4 x !s32i> loc(#loc376)
# |                                                                                       ^
# | /Users/revofusion/Projects/llvm/build/tools/clang/test/CIR/CodeGen/Output/vector.cpp.tmp.cir:513:18: note: possible intended match here
# |  cir.store align(16) %2, %1 : !cir.vector<4 x !s32i>, !cir.ptr<!cir.vector<4 x !s32i>> loc(#loc570)
# |                  ^
# | 
# | Input file: /Users/revofusion/Projects/llvm/build/tools/clang/test/CIR/CodeGen/Output/vector.cpp.tmp.cir
# | Check file: /Users/revofusion/Projects/llvm/clang/test/CIR/CodeGen/vector.cpp
# | 
# | -dump-input=help explains the following input dump.
# | 
# | Input was:
# | <<<<<<
# |              .
# |              .
# |              .
# |            507:  cir.return loc(#loc365) 
# |            508:  } loc(#loc565) 
# |            509:  cir.func no_inline dso_local @_Z15unary_extensionv() { 
# |            510:  %0 = cir.alloca !cir.vector<4 x !s32i>, !cir.ptr<!cir.vector<4 x !s32i>>, ["a"] {alignment = 16 : i64} loc(#loc569) 
# |            511:  %1 = cir.alloca !cir.vector<4 x !s32i>, !cir.ptr<!cir.vector<4 x !s32i>>, ["b", init] {alignment = 16 : i64} loc(#loc570) 
# |            512:  %2 = cir.load align(16) %0 : !cir.ptr<!cir.vector<4 x !s32i>>, !cir.vector<4 x !s32i> loc(#loc376) 
# | check:243'0                                                                                           X~~~~~~~~~~~~~ error: no match found
# | check:243'1                                                                                                          with "TMP1" equal to "284"
# | check:243'2                                                                                                          with "TMP3" equal to "2"
# | check:243'3                                                                                                          with "TMP2" equal to "285"
# |            513:  cir.store align(16) %2, %1 : !cir.vector<4 x !s32i>, !cir.ptr<!cir.vector<4 x !s32i>> loc(#loc570) 
# | check:243'0     ~~~~~~~~~~~~~~~~~~~~~~~~~~~~~~~~~~~~~~~~~~~~~~~~~~~~~~~~~~~~~~~~~~~~~~~~~~~~~~~~~~~~~~~~~~~~~~~~~~~~
# | check:243'4                      ?                                                                                   possible intended match
# |            514:  cir.return loc(#loc372) 
# | check:243'0     ~~~~~~~~~~~~~~~~~~~~~~~~~
# |            515:  } loc(#loc568) 
# | check:243'0     ~~~~~~~~~~~~~~~~
# |            516: } loc(#loc) 
# | check:243'0     ~~~~~~~~~~~~
# |            517: #loc = loc("/Users/revofusion/Projects/llvm/clang/test/CIR/CodeGen/vector.cpp":0:0) 
# | check:243'0     ~~~~~~~~~~~~~~~~~~~~~~~~~~~~~~~~~~~~~~~~~~~~~~~~~~~~~~~~~~~~~~~~~~~~~~~~~~~~~~~~~~~~
# |            518: #loc1 = loc("/Users/revofusion/Projects/llvm/clang/test/CIR/CodeGen/vector.cpp":17:1) 
# | check:243'0     ~~~~~~~~~~~~~~~~~~~~~~~~~~~~~~~~~~~~~~~~~~~~~~~~~~~~~~~~~~~~~~~~~~~~~~~~~~~~~~~~~~~~~~
# |              .
# |              .
# |              .
# | >>>>>>
# `-----------------------------
# error: command failed with exit status: 1

--

********************
Testing:  0
FAIL: Clang :: CIR/CodeGen/struct.c (10 of 258)
******************** TEST 'Clang :: CIR/CodeGen/struct.c' FAILED ********************
Exit Code: 1

Command Output (stdout):
--
# RUN: at line 1
/Users/revofusion/Projects/llvm/build/bin/clang -cc1 -internal-isystem /Users/revofusion/Projects/llvm/build/lib/clang/22/include -nostdsysteminc -triple x86_64-unknown-linux-gnu -fclangir -emit-cir /Users/revofusion/Projects/llvm/clang/test/CIR/CodeGen/struct.c -o /Users/revofusion/Projects/llvm/build/tools/clang/test/CIR/CodeGen/Output/struct.c.tmp.cir
# executed command: /Users/revofusion/Projects/llvm/build/bin/clang -cc1 -internal-isystem /Users/revofusion/Projects/llvm/build/lib/clang/22/include -nostdsysteminc -triple x86_64-unknown-linux-gnu -fclangir -emit-cir /Users/revofusion/Projects/llvm/clang/test/CIR/CodeGen/struct.c -o /Users/revofusion/Projects/llvm/build/tools/clang/test/CIR/CodeGen/Output/struct.c.tmp.cir
# RUN: at line 2
/Users/revofusion/Projects/llvm/build/bin/FileCheck --check-prefix=CIR --input-file=/Users/revofusion/Projects/llvm/build/tools/clang/test/CIR/CodeGen/Output/struct.c.tmp.cir /Users/revofusion/Projects/llvm/clang/test/CIR/CodeGen/struct.c
# executed command: /Users/revofusion/Projects/llvm/build/bin/FileCheck --check-prefix=CIR --input-file=/Users/revofusion/Projects/llvm/build/tools/clang/test/CIR/CodeGen/Output/struct.c.tmp.cir /Users/revofusion/Projects/llvm/clang/test/CIR/CodeGen/struct.c
# .---command stderr------------
# | /Users/revofusion/Projects/llvm/clang/test/CIR/CodeGen/struct.c:298:9: error: CIR: expected string not found in input
# | // CIR: %[[NEXT:.*]] = cir.get_member {{%.}}[0] {name = "next"} : !cir.ptr<!rec_NodeS> -> !cir.ptr<!cir.ptr<!rec_NodeS>>
# |         ^
# | /Users/revofusion/Projects/llvm/build/tools/clang/test/CIR/CodeGen/Output/struct.c.tmp.cir:85:34: note: scanning from here
# |  cir.func no_inline dso_local @f5(%arg1: !cir.ptr<!rec_NodeS> loc(fused[#loc58, #loc59])) {
# |                                  ^
# | /Users/revofusion/Projects/llvm/build/tools/clang/test/CIR/CodeGen/Output/struct.c.tmp.cir:90:2: note: possible intended match here
# |  %16 = cir.get_member %15[0] {name = "next"} : !cir.ptr<!rec_NodeS> -> !cir.ptr<!cir.ptr<!rec_NodeS>> loc(#loc63)
# |  ^
# | 
# | Input file: /Users/revofusion/Projects/llvm/build/tools/clang/test/CIR/CodeGen/Output/struct.c.tmp.cir
# | Check file: /Users/revofusion/Projects/llvm/clang/test/CIR/CodeGen/struct.c
# | 
# | -dump-input=help explains the following input dump.
# | 
# | Input was:
# | <<<<<<
# |              .
# |              .
# |              .
# |             80:  %25 = cir.load align(4) %24 : !cir.ptr<!s8i>, !s8i loc(#loc54) 
# |             81:  cir.store %25, %19 : !s8i, !cir.ptr<!s8i> loc(#loc105) 
# |             82:  %26 = cir.load %19 : !cir.ptr<!s8i>, !s8i loc(#loc105) 
# |             83:  cir.return %26 : !s8i loc(#loc105) 
# |             84:  } loc(#loc101) 
# |             85:  cir.func no_inline dso_local @f5(%arg1: !cir.ptr<!rec_NodeS> loc(fused[#loc58, #loc59])) { 
# | check:298'0                                      X~~~~~~~~~~~~~~~~~~~~~~~~~~~~~~~~~~~~~~~~~~~~~~~~~~~~~~~~~~ error: no match found
# |             86:  %13 = cir.alloca !cir.ptr<!rec_NodeS>, !cir.ptr<!cir.ptr<!rec_NodeS>>, ["a", init] {alignment = 8 : i64} loc(#loc107) 
# | check:298'0     ~~~~~~~~~~~~~~~~~~~~~~~~~~~~~~~~~~~~~~~~~~~~~~~~~~~~~~~~~~~~~~~~~~~~~~~~~~~~~~~~~~~~~~~~~~~~~~~~~~~~~~~~~~~~~~~~~~~~~~~
# |             87:  cir.store %arg1, %13 : !cir.ptr<!rec_NodeS>, !cir.ptr<!cir.ptr<!rec_NodeS>> loc(#loc60) 
# | check:298'0     ~~~~~~~~~~~~~~~~~~~~~~~~~~~~~~~~~~~~~~~~~~~~~~~~~~~~~~~~~~~~~~~~~~~~~~~~~~~~~~~~~~~~~~~~~
# |             88:  %14 = cir.const #cir.ptr<null> : !cir.ptr<!rec_NodeS> loc(#loc61) 
# | check:298'0     ~~~~~~~~~~~~~~~~~~~~~~~~~~~~~~~~~~~~~~~~~~~~~~~~~~~~~~~~~~~~~~~~~~~
# |             89:  %15 = cir.load align(8) %13 : !cir.ptr<!cir.ptr<!rec_NodeS>>, !cir.ptr<!rec_NodeS> loc(#loc62) 
# | check:298'0     ~~~~~~~~~~~~~~~~~~~~~~~~~~~~~~~~~~~~~~~~~~~~~~~~~~~~~~~~~~~~~~~~~~~~~~~~~~~~~~~~~~~~~~~~~~~~~~~~
# |             90:  %16 = cir.get_member %15[0] {name = "next"} : !cir.ptr<!rec_NodeS> -> !cir.ptr<!cir.ptr<!rec_NodeS>> loc(#loc63) 
# | check:298'0     ~~~~~~~~~~~~~~~~~~~~~~~~~~~~~~~~~~~~~~~~~~~~~~~~~~~~~~~~~~~~~~~~~~~~~~~~~~~~~~~~~~~~~~~~~~~~~~~~~~~~~~~~~~~~~~~~~~
# | check:298'1      ?                                                                                                                 possible intended match
# |             91:  cir.store align(8) %14, %16 : !cir.ptr<!rec_NodeS>, !cir.ptr<!cir.ptr<!rec_NodeS>> loc(#loc108) 
# | check:298'0     ~~~~~~~~~~~~~~~~~~~~~~~~~~~~~~~~~~~~~~~~~~~~~~~~~~~~~~~~~~~~~~~~~~~~~~~~~~~~~~~~~~~~~~~~~~~~~~~~~
# |             92:  cir.return loc(#loc57) 
# | check:298'0     ~~~~~~~~~~~~~~~~~~~~~~~~
# |             93:  } loc(#loc106) 
# | check:298'0     ~~~~~~~~~~~~~~~~
# |             94:  cir.func no_inline dso_local @f6(%arg0: !cir.ptr<!rec_CycleStart> loc(fused[#loc66, #loc67])) { 
# | check:298'0     ~~~~~~~~~~~~~~~~~~~~~~~~~~~~~~~~~~~~~~~~~~~~~~~~~~~~~~~~~~~~~~~~~~~~~~~~~~~~~~~~~~~~~~~~~~~~~~~~~
# |             95:  %0 = cir.alloca !cir.ptr<!rec_CycleStart>, !cir.ptr<!cir.ptr<!rec_CycleStart>>, ["start", init] {alignment = 8 : i64} loc(#loc110) 
# | check:298'0     ~~~~~~~~~~~~~~~~~~~~~~~~~~~~~~~~~~~~~~~~~~~~~~~~~~~~~~~~~~~~~~~~~~~~~~~~~~~~~~~~~~~~~~~~~~~~~~~~~~~~~~~~~~~~~~~~~~~~~~~~~~~~~~~~~~~~
# |              .
# |              .
# |              .
# | >>>>>>
# `-----------------------------
# error: command failed with exit status: 1

--

********************
Testing:  0
FAIL: Clang :: CIR/CodeGen/volatile.cpp (11 of 258)
******************** TEST 'Clang :: CIR/CodeGen/volatile.cpp' FAILED ********************
Exit Code: 1

Command Output (stdout):
--
# RUN: at line 1
/Users/revofusion/Projects/llvm/build/bin/clang -cc1 -internal-isystem /Users/revofusion/Projects/llvm/build/lib/clang/22/include -nostdsysteminc -std=c++20 -triple x86_64-unknown-linux-gnu -fclangir -emit-cir /Users/revofusion/Projects/llvm/clang/test/CIR/CodeGen/volatile.cpp -o /Users/revofusion/Projects/llvm/build/tools/clang/test/CIR/CodeGen/Output/volatile.cpp.tmp.cir
# executed command: /Users/revofusion/Projects/llvm/build/bin/clang -cc1 -internal-isystem /Users/revofusion/Projects/llvm/build/lib/clang/22/include -nostdsysteminc -std=c++20 -triple x86_64-unknown-linux-gnu -fclangir -emit-cir /Users/revofusion/Projects/llvm/clang/test/CIR/CodeGen/volatile.cpp -o /Users/revofusion/Projects/llvm/build/tools/clang/test/CIR/CodeGen/Output/volatile.cpp.tmp.cir
# RUN: at line 2
/Users/revofusion/Projects/llvm/build/bin/FileCheck --check-prefix=CIR /Users/revofusion/Projects/llvm/clang/test/CIR/CodeGen/volatile.cpp < /Users/revofusion/Projects/llvm/build/tools/clang/test/CIR/CodeGen/Output/volatile.cpp.tmp.cir
# executed command: /Users/revofusion/Projects/llvm/build/bin/FileCheck --check-prefix=CIR /Users/revofusion/Projects/llvm/clang/test/CIR/CodeGen/volatile.cpp
# .---command stderr------------
# | /Users/revofusion/Projects/llvm/clang/test/CIR/CodeGen/volatile.cpp:132:9: error: CIR: expected string not found in input
# | // CIR: cir.set_bitfield align(4) (#bfi_z, %[[MEMBER_ADDR:.+]] : !cir.ptr<!u8i>, %1 : !s32i) {is_volatile}
# |         ^
# | <stdin>:110:22: note: scanning from here
# |  %14 = cir.get_member %13[2] {name = "z"} : !cir.ptr<!rec_Foo> -> !cir.ptr<!u8i> loc(#loc41)
# |                      ^
# | <stdin>:111:2: note: possible intended match here
# |  %15 = cir.set_bitfield align(4) (#bfi_z, %14 : !cir.ptr<!u8i>, %12 : !s32i) {is_volatile} -> !s32i loc(#loc41)
# |  ^
# | 
# | Input file: <stdin>
# | Check file: /Users/revofusion/Projects/llvm/clang/test/CIR/CodeGen/volatile.cpp
# | 
# | -dump-input=help explains the following input dump.
# | 
# | Input was:
# | <<<<<<
# |              .
# |              .
# |              .
# |            105:  cir.func no_inline dso_local @_Z17test_store_field3P3Foo(%arg3: !cir.ptr<!rec_Foo> loc(fused[#loc60, #loc61])) { 
# |            106:  %11 = cir.alloca !cir.ptr<!rec_Foo>, !cir.ptr<!cir.ptr<!rec_Foo>>, ["ptr", init] {alignment = 8 : i64} loc(#loc102) 
# |            107:  cir.store %arg3, %11 : !cir.ptr<!rec_Foo>, !cir.ptr<!cir.ptr<!rec_Foo>> loc(#loc62) 
# |            108:  %12 = cir.const #cir.int<4> : !s32i loc(#loc63) 
# |            109:  %13 = cir.load align(8) %11 : !cir.ptr<!cir.ptr<!rec_Foo>>, !cir.ptr<!rec_Foo> loc(#loc64) 
# |            110:  %14 = cir.get_member %13[2] {name = "z"} : !cir.ptr<!rec_Foo> -> !cir.ptr<!u8i> loc(#loc41) 
# | check:132'0                          X~~~~~~~~~~~~~~~~~~~~~~~~~~~~~~~~~~~~~~~~~~~~~~~~~~~~~~~~~~~~~~~~~~~~~~~ error: no match found
# |            111:  %15 = cir.set_bitfield align(4) (#bfi_z, %14 : !cir.ptr<!u8i>, %12 : !s32i) {is_volatile} -> !s32i loc(#loc41) 
# | check:132'0     ~~~~~~~~~~~~~~~~~~~~~~~~~~~~~~~~~~~~~~~~~~~~~~~~~~~~~~~~~~~~~~~~~~~~~~~~~~~~~~~~~~~~~~~~~~~~~~~~~~~~~~~~~~~~~~~~
# | check:132'1      ?                                                                                                               possible intended match
# |            112:  cir.return loc(#loc59) 
# | check:132'0     ~~~~~~~~~~~~~~~~~~~~~~~~
# |            113:  } loc(#loc101) 
# | check:132'0     ~~~~~~~~~~~~~~~~
# |            114:  cir.func no_inline dso_local @_ZNV1A5set_xEi(%arg1: !cir.ptr<!rec_A> loc("/Users/revofusion/Projects/llvm/clang/test/CIR/CodeGen/volatile.cpp":154:9), %arg2: !s32i loc(fused[#loc68, #loc69])) { 
# | check:132'0     ~~~~~~~~~~~~~~~~~~~~~~~~~~~~~~~~~~~~~~~~~~~~~~~~~~~~~~~~~~~~~~~~~~~~~~~~~~~~~~~~~~~~~~~~~~~~~~~~~~~~~~~~~~~~~~~~~~~~~~~~~~~~~~~~~~~~~~~~~~~~~~~~~~~~~~~~~~~~~~~~~~~~~~~~~~~~~~~~~~~~~~~~~~~~~~~~~~~
# |            115:  %6 = cir.alloca !cir.ptr<!rec_A>, !cir.ptr<!cir.ptr<!rec_A>>, ["this", init] {alignment = 8 : i64} loc(#loc67) 
# | check:132'0     ~~~~~~~~~~~~~~~~~~~~~~~~~~~~~~~~~~~~~~~~~~~~~~~~~~~~~~~~~~~~~~~~~~~~~~~~~~~~~~~~~~~~~~~~~~~~~~~~~~~~~~~~~~~~~~~~
# |            116:  %7 = cir.alloca !s32i, !cir.ptr<!s32i>, ["val", init] {alignment = 4 : i64} loc(#loc104) 
# | check:132'0     ~~~~~~~~~~~~~~~~~~~~~~~~~~~~~~~~~~~~~~~~~~~~~~~~~~~~~~~~~~~~~~~~~~~~~~~~~~~~~~~~~~~~~~~~~~
# |              .
# |              .
# |              .
# | >>>>>>
# `-----------------------------
# error: command failed with exit status: 1

--

********************
Testing:  0
FAIL: Clang :: CIR/CodeGen/array.cpp (12 of 258)
******************** TEST 'Clang :: CIR/CodeGen/array.cpp' FAILED ********************
Exit Code: 1

Command Output (stdout):
--
# RUN: at line 1
/Users/revofusion/Projects/llvm/build/bin/clang -cc1 -internal-isystem /Users/revofusion/Projects/llvm/build/lib/clang/22/include -nostdsysteminc -triple x86_64-unknown-linux-gnu -Wno-unused-value -fclangir -emit-cir /Users/revofusion/Projects/llvm/clang/test/CIR/CodeGen/array.cpp -o /Users/revofusion/Projects/llvm/build/tools/clang/test/CIR/CodeGen/Output/array.cpp.tmp.cir
# executed command: /Users/revofusion/Projects/llvm/build/bin/clang -cc1 -internal-isystem /Users/revofusion/Projects/llvm/build/lib/clang/22/include -nostdsysteminc -triple x86_64-unknown-linux-gnu -Wno-unused-value -fclangir -emit-cir /Users/revofusion/Projects/llvm/clang/test/CIR/CodeGen/array.cpp -o /Users/revofusion/Projects/llvm/build/tools/clang/test/CIR/CodeGen/Output/array.cpp.tmp.cir
# RUN: at line 2
/Users/revofusion/Projects/llvm/build/bin/FileCheck --input-file=/Users/revofusion/Projects/llvm/build/tools/clang/test/CIR/CodeGen/Output/array.cpp.tmp.cir /Users/revofusion/Projects/llvm/clang/test/CIR/CodeGen/array.cpp -check-prefix=CIR
# executed command: /Users/revofusion/Projects/llvm/build/bin/FileCheck --input-file=/Users/revofusion/Projects/llvm/build/tools/clang/test/CIR/CodeGen/Output/array.cpp.tmp.cir /Users/revofusion/Projects/llvm/clang/test/CIR/CodeGen/array.cpp -check-prefix=CIR
# .---command stderr------------
# | /Users/revofusion/Projects/llvm/clang/test/CIR/CodeGen/array.cpp:48:9: error: CIR: expected string not found in input
# | // CIR: cir.global external @e = #cir.const_record<{#cir.int<1> : !s32i, #cir.int<2> : !s32i, #cir.zero : !cir.array<!s32i x 8>}> : !rec_anon_struct
# |         ^
# | /Users/revofusion/Projects/llvm/build/tools/clang/test/CIR/CodeGen/Output/array.cpp.tmp.cir:18:344: note: scanning from here
# |  cir.global external @dd = #cir.const_array<[#cir.const_array<[#cir.int<1> : !s32i, #cir.int<2> : !s32i]> : !cir.array<!s32i x 2>, #cir.const_array<[#cir.int<3> : !s32i, #cir.int<4> : !s32i]> : !cir.array<!s32i x 2>, #cir.const_array<[#cir.int<5> : !s32i, #cir.int<6> : !s32i]> : !cir.array<!s32i x 2>]> : !cir.array<!cir.array<!s32i x 2> x 3> {alignment = 16 : i64} loc(#loc144)
# |                                                                                                                                                                                                                                                                                                                                                        ^
# | /Users/revofusion/Projects/llvm/build/tools/clang/test/CIR/CodeGen/Output/array.cpp.tmp.cir:19:2: note: possible intended match here
# |  cir.global external @e = #cir.const_array<[#cir.int<1> : !s32i, #cir.int<2> : !s32i], trailing_zeros> : !cir.array<!s32i x 10> {alignment = 16 : i64} loc(#loc145)
# |  ^
# | 
# | Input file: /Users/revofusion/Projects/llvm/build/tools/clang/test/CIR/CodeGen/Output/array.cpp.tmp.cir
# | Check file: /Users/revofusion/Projects/llvm/clang/test/CIR/CodeGen/array.cpp
# | 
# | -dump-input=help explains the following input dump.
# | 
# | Input was:
# | <<<<<<
# |             .
# |             .
# |             .
# |            13: module @"/Users/revofusion/Projects/llvm/clang/test/CIR/CodeGen/array.cpp" attributes {cir.lang = #cir.lang<cxx>, cir.module_asm = [], cir.triple = "x86_64-unknown-linux-gnu", dlti.dl_spec = #dlti.dl_spec<!llvm.ptr<270> = dense<32> : vector<4xi64>, !llvm.ptr<271> = dense<32> : vector<4xi64>, !llvm.ptr<272> = dense<64> : vector<4xi64>, i64 = dense<64> : vector<2xi64>, i128 = dense<128> : vector<2xi64>, f80 = dense<128> : vector<2xi64>, !llvm.ptr = dense<64> : vector<4xi64>, i1 = dense<8> : vector<2xi64>, i8 = dense<8> : vector<2xi64>, i16 = dense<16> : vector<2xi64>, i32 = dense<32> : vector<2xi64>, f16 = dense<16> : vector<2xi64>, f64 = dense<64> : vector<2xi64>, f128 = dense<128> : vector<2xi64>, "dlti.endianness" = "little", "dlti.mangling_mode" = "e", "dlti.legal_int_widths" = array<i32: 8, 16, 32, 64>, "dlti.stack_alignment" = 128 : i64>} { 
# |            14:  cir.global external @a = #cir.zero : !cir.array<!s32i x 10> {alignment = 16 : i64} loc(#loc140) 
# |            15:  cir.global external @aa = #cir.zero : !cir.array<!cir.array<!s32i x 5> x 10> {alignment = 16 : i64} loc(#loc141) 
# |            16:  cir.global external @c = #cir.zero : !cir.array<!s32i x 10> {alignment = 16 : i64} loc(#loc142) 
# |            17:  cir.global external @d = #cir.const_array<[#cir.int<1> : !s32i, #cir.int<2> : !s32i, #cir.int<3> : !s32i]> : !cir.array<!s32i x 3> {alignment = 4 : i64} loc(#loc143) 
# |            18:  cir.global external @dd = #cir.const_array<[#cir.const_array<[#cir.int<1> : !s32i, #cir.int<2> : !s32i]> : !cir.array<!s32i x 2>, #cir.const_array<[#cir.int<3> : !s32i, #cir.int<4> : !s32i]> : !cir.array<!s32i x 2>, #cir.const_array<[#cir.int<5> : !s32i, #cir.int<6> : !s32i]> : !cir.array<!s32i x 2>]> : !cir.array<!cir.array<!s32i x 2> x 3> {alignment = 16 : i64} loc(#loc144) 
# | check:48'0                                                                                                                                                                                                                                                                                                                                                            X~~~~~~~~~~~~~~~~~~~~~~~~~~~~~~~~~~~~ error: no match found
# |            19:  cir.global external @e = #cir.const_array<[#cir.int<1> : !s32i, #cir.int<2> : !s32i], trailing_zeros> : !cir.array<!s32i x 10> {alignment = 16 : i64} loc(#loc145) 
# | check:48'0     ~~~~~~~~~~~~~~~~~~~~~~~~~~~~~~~~~~~~~~~~~~~~~~~~~~~~~~~~~~~~~~~~~~~~~~~~~~~~~~~~~~~~~~~~~~~~~~~~~~~~~~~~~~~~~~~~~~~~~~~~~~~~~~~~~~~~~~~~~~~~~~~~~~~~~~~~~~~~~~~~~~~~
# | check:48'1      ?                                                                                                                                                                   possible intended match
# |            20:  cir.global external @f = #cir.const_array<[#cir.int<1> : !s32i, #cir.int<2> : !s32i], trailing_zeros> : !cir.array<!s32i x 5> {alignment = 16 : i64} loc(#loc146) 
# | check:48'0     ~~~~~~~~~~~~~~~~~~~~~~~~~~~~~~~~~~~~~~~~~~~~~~~~~~~~~~~~~~~~~~~~~~~~~~~~~~~~~~~~~~~~~~~~~~~~~~~~~~~~~~~~~~~~~~~~~~~~~~~~~~~~~~~~~~~~~~~~~~~~~~~~~~~~~~~~~~~~~~~~~~~
# |            21:  cir.global external @g = #cir.const_array<[#cir.int<1> : !s32i, #cir.int<2> : !s32i, #cir.int<3> : !s32i, #cir.int<4> : !s32i, #cir.int<5> : !s32i, #cir.int<6> : !s32i, #cir.int<7> : !s32i, #cir.int<8> : !s32i], trailing_zeros> : !cir.array<!s32i x 16> {alignment = 16 : i64} loc(#loc147) 
# | check:48'0     ~~~~~~~~~~~~~~~~~~~~~~~~~~~~~~~~~~~~~~~~~~~~~~~~~~~~~~~~~~~~~~~~~~~~~~~~~~~~~~~~~~~~~~~~~~~~~~~~~~~~~~~~~~~~~~~~~~~~~~~~~~~~~~~~~~~~~~~~~~~~~~~~~~~~~~~~~~~~~~~~~~~~~~~~~~~~~~~~~~~~~~~~~~~~~~~~~~~~~~~~~~~~~~~~~~~~~~~~~~~~~~~~~~~~~~~~~~~~~~~~~~~~~~~~~~~~~~~~~~~~~~~~~~~~~~~~~~~~~~~~~~~~~~~~~~
# |            22:  cir.global "private" external @b : !cir.array<!s32i x 10> {alignment = 16 : i64} loc(#loc148) 
# | check:48'0     ~~~~~~~~~~~~~~~~~~~~~~~~~~~~~~~~~~~~~~~~~~~~~~~~~~~~~~~~~~~~~~~~~~~~~~~~~~~~~~~~~~~~~~~~~~~~~~~
# |            23:  cir.global "private" external @bb : !cir.array<!cir.array<!s32i x 5> x 10> {alignment = 16 : i64} loc(#loc149) 
# | check:48'0     ~~~~~~~~~~~~~~~~~~~~~~~~~~~~~~~~~~~~~~~~~~~~~~~~~~~~~~~~~~~~~~~~~~~~~~~~~~~~~~~~~~~~~~~~~~~~~~~~~~~~~~~~~~~~~~~~
# |            24:  cir.func no_inline dso_local @_Z17reference_externsv() { 
# | check:48'0     ~~~~~~~~~~~~~~~~~~~~~~~~~~~~~~~~~~~~~~~~~~~~~~~~~~~~~~~~~~
# |             .
# |             .
# |             .
# | >>>>>>
# `-----------------------------
# error: command failed with exit status: 1

--

********************
Testing:  0
FAIL: Clang :: CIR/CodeGen/coro-task.cpp (13 of 258)
******************** TEST 'Clang :: CIR/CodeGen/coro-task.cpp' FAILED ********************
Exit Code: 1

Command Output (stdout):
--
# RUN: at line 1
/Users/revofusion/Projects/llvm/build/bin/clang -cc1 -internal-isystem /Users/revofusion/Projects/llvm/build/lib/clang/22/include -nostdsysteminc -std=c++20 -triple x86_64-unknown-linux-gnu -fclangir -emit-cir /Users/revofusion/Projects/llvm/clang/test/CIR/CodeGen/coro-task.cpp -o /Users/revofusion/Projects/llvm/build/tools/clang/test/CIR/CodeGen/Output/coro-task.cpp.tmp.cir
# executed command: /Users/revofusion/Projects/llvm/build/bin/clang -cc1 -internal-isystem /Users/revofusion/Projects/llvm/build/lib/clang/22/include -nostdsysteminc -std=c++20 -triple x86_64-unknown-linux-gnu -fclangir -emit-cir /Users/revofusion/Projects/llvm/clang/test/CIR/CodeGen/coro-task.cpp -o /Users/revofusion/Projects/llvm/build/tools/clang/test/CIR/CodeGen/Output/coro-task.cpp.tmp.cir
# RUN: at line 2
/Users/revofusion/Projects/llvm/build/bin/FileCheck --input-file=/Users/revofusion/Projects/llvm/build/tools/clang/test/CIR/CodeGen/Output/coro-task.cpp.tmp.cir /Users/revofusion/Projects/llvm/clang/test/CIR/CodeGen/coro-task.cpp -check-prefix=CIR
# executed command: /Users/revofusion/Projects/llvm/build/bin/FileCheck --input-file=/Users/revofusion/Projects/llvm/build/tools/clang/test/CIR/CodeGen/Output/coro-task.cpp.tmp.cir /Users/revofusion/Projects/llvm/clang/test/CIR/CodeGen/coro-task.cpp -check-prefix=CIR
# .---command stderr------------
# | /Users/revofusion/Projects/llvm/clang/test/CIR/CodeGen/coro-task.cpp:269:9: error: CIR: expected string not found in input
# | // CIR: %[[RetObj:.*]] = cir.call @_ZN5folly4coro4TaskIiE12promise_type17get_return_objectEv(%4) nothrow : {{.*}} -> ![[IntTask]]
# |         ^
# | /Users/revofusion/Projects/llvm/build/tools/clang/test/CIR/CodeGen/Output/coro-task.cpp.tmp.cir:192:100: note: scanning from here
# |  cir.store align(8) %62, %54 : !cir.ptr<!rec_std3A3Astring>, !cir.ptr<!cir.ptr<!rec_std3A3Astring>> loc(#loc54)
# |                                                                                                    ^
# | /Users/revofusion/Projects/llvm/build/tools/clang/test/CIR/CodeGen/Output/coro-task.cpp.tmp.cir:192:100: note: with "IntTask" equal to "rec_folly3A3Acoro3A3ATask3Cint3E"
# |  cir.store align(8) %62, %54 : !cir.ptr<!rec_std3A3Astring>, !cir.ptr<!cir.ptr<!rec_std3A3Astring>> loc(#loc54)
# |                                                                                                    ^
# | /Users/revofusion/Projects/llvm/build/tools/clang/test/CIR/CodeGen/Output/coro-task.cpp.tmp.cir:193:2: note: possible intended match here
# |  %63 = cir.call @_ZN5folly4coro4TaskIiE12promise_type17get_return_objectEv(%55) nothrow : (!cir.ptr<!rec_folly3A3Acoro3A3ATask3Cint3E3A3Apromise_type>) -> !rec_folly3A3Acoro3A3ATask3Cint3E loc(#loc55)
# |  ^
# | 
# | Input file: /Users/revofusion/Projects/llvm/build/tools/clang/test/CIR/CodeGen/Output/coro-task.cpp.tmp.cir
# | Check file: /Users/revofusion/Projects/llvm/clang/test/CIR/CodeGen/coro-task.cpp
# | 
# | -dump-input=help explains the following input dump.
# | 
# | Input was:
# | <<<<<<
# |              .
# |              .
# |              .
# |            187:  cir.store %86, %53 : !cir.ptr<!void>, !cir.ptr<!cir.ptr<!void>> loc(#loc53) 
# |            188:  } loc(#loc53) 
# |            189:  %60 = cir.load %53 : !cir.ptr<!cir.ptr<!void>>, !cir.ptr<!void> loc(#loc53) 
# |            190:  %61 = cir.call @__builtin_coro_begin(%58, %60) : (!u32i, !cir.ptr<!void>) -> !cir.ptr<!void> loc(#loc53) 
# |            191:  %62 = cir.load %51 : !cir.ptr<!cir.ptr<!rec_std3A3Astring>>, !cir.ptr<!rec_std3A3Astring> loc(#loc54) 
# |            192:  cir.store align(8) %62, %54 : !cir.ptr<!rec_std3A3Astring>, !cir.ptr<!cir.ptr<!rec_std3A3Astring>> loc(#loc54) 
# | check:269'0                                                                                                        X~~~~~~~~~~~~ error: no match found
# | check:269'1                                                                                                                      with "IntTask" equal to "rec_folly3A3Acoro3A3ATask3Cint3E"
# |            193:  %63 = cir.call @_ZN5folly4coro4TaskIiE12promise_type17get_return_objectEv(%55) nothrow : (!cir.ptr<!rec_folly3A3Acoro3A3ATask3Cint3E3A3Apromise_type>) -> !rec_folly3A3Acoro3A3ATask3Cint3E loc(#loc55) 
# | check:269'0     ~~~~~~~~~~~~~~~~~~~~~~~~~~~~~~~~~~~~~~~~~~~~~~~~~~~~~~~~~~~~~~~~~~~~~~~~~~~~~~~~~~~~~~~~~~~~~~~~~~~~~~~~~~~~~~~~~~~~~~~~~~~~~~~~~~~~~~~~~~~~~~~~~~~~~~~~~~~~~~~~~~~~~~~~~~~~~~~~~~~~~~~~~~~~~~~~~~~~~~~~~
# | check:269'2      ?                                                                                                                                                                                                        possible intended match
# |            194:  cir.store align(1) %63, %52 : !rec_folly3A3Acoro3A3ATask3Cint3E, !cir.ptr<!rec_folly3A3Acoro3A3ATask3Cint3E> loc(#loc55) 
# | check:269'0     ~~~~~~~~~~~~~~~~~~~~~~~~~~~~~~~~~~~~~~~~~~~~~~~~~~~~~~~~~~~~~~~~~~~~~~~~~~~~~~~~~~~~~~~~~~~~~~~~~~~~~~~~~~~~~~~~~~~~~~~~~~
# |            195:  cir.scope { 
# | check:269'0     ~~~~~~~~~~~~~
# |            196:  %76 = cir.alloca !rec_std3A3Asuspend_always, !cir.ptr<!rec_std3A3Asuspend_always>, ["ref.tmp0"] {alignment = 1 : i64} loc(#loc55) 
# | check:269'0     ~~~~~~~~~~~~~~~~~~~~~~~~~~~~~~~~~~~~~~~~~~~~~~~~~~~~~~~~~~~~~~~~~~~~~~~~~~~~~~~~~~~~~~~~~~~~~~~~~~~~~~~~~~~~~~~~~~~~~~~~~~~~~~~~~~~
# |            197:  %77 = cir.alloca !rec_std3A3Acoroutine_handle3Cvoid3E, !cir.ptr<!rec_std3A3Acoroutine_handle3Cvoid3E>, ["agg.tmp0"] {alignment = 1 : i64} loc(#loc55) 
# | check:269'0     ~~~~~~~~~~~~~~~~~~~~~~~~~~~~~~~~~~~~~~~~~~~~~~~~~~~~~~~~~~~~~~~~~~~~~~~~~~~~~~~~~~~~~~~~~~~~~~~~~~~~~~~~~~~~~~~~~~~~~~~~~~~~~~~~~~~~~~~~~~~~~~~~~~~~~~~
# |            198:  %78 = cir.alloca !rec_std3A3Acoroutine_handle3Cfolly3A3Acoro3A3ATask3Cint3E3A3Apromise_type3E, !cir.ptr<!rec_std3A3Acoroutine_handle3Cfolly3A3Acoro3A3ATask3Cint3E3A3Apromise_type3E>, ["agg.tmp1"] {alignment = 1 : i64} loc(#loc55) 
# | check:269'0     ~~~~~~~~~~~~~~~~~~~~~~~~~~~~~~~~~~~~~~~~~~~~~~~~~~~~~~~~~~~~~~~~~~~~~~~~~~~~~~~~~~~~~~~~~~~~~~~~~~~~~~~~~~~~~~~~~~~~~~~~~~~~~~~~~~~~~~~~~~~~~~~~~~~~~~~~~~~~~~~~~~~~~~~~~~~~~~~~~~~~~~~~~~~~~~~~~~~~~~~~~~~~~~~~~~~~~~~~~~~~~~~~~~~~~~~
# |              .
# |              .
# |              .
# | >>>>>>
# `-----------------------------
# error: command failed with exit status: 1

--

********************
Testing:  0
FAIL: Clang :: CIR/CodeGen/if.cpp (14 of 258)
******************** TEST 'Clang :: CIR/CodeGen/if.cpp' FAILED ********************
Exit Code: 1

Command Output (stdout):
--
# RUN: at line 1
/Users/revofusion/Projects/llvm/build/bin/clang -cc1 -internal-isystem /Users/revofusion/Projects/llvm/build/lib/clang/22/include -nostdsysteminc -std=c++17 -triple x86_64-unknown-linux-gnu -fclangir -emit-cir /Users/revofusion/Projects/llvm/clang/test/CIR/CodeGen/if.cpp -o /Users/revofusion/Projects/llvm/build/tools/clang/test/CIR/CodeGen/Output/if.cpp.tmp.cir
# executed command: /Users/revofusion/Projects/llvm/build/bin/clang -cc1 -internal-isystem /Users/revofusion/Projects/llvm/build/lib/clang/22/include -nostdsysteminc -std=c++17 -triple x86_64-unknown-linux-gnu -fclangir -emit-cir /Users/revofusion/Projects/llvm/clang/test/CIR/CodeGen/if.cpp -o /Users/revofusion/Projects/llvm/build/tools/clang/test/CIR/CodeGen/Output/if.cpp.tmp.cir
# RUN: at line 2
/Users/revofusion/Projects/llvm/build/bin/FileCheck --input-file=/Users/revofusion/Projects/llvm/build/tools/clang/test/CIR/CodeGen/Output/if.cpp.tmp.cir /Users/revofusion/Projects/llvm/clang/test/CIR/CodeGen/if.cpp --check-prefix=CIR
# executed command: /Users/revofusion/Projects/llvm/build/bin/FileCheck --input-file=/Users/revofusion/Projects/llvm/build/tools/clang/test/CIR/CodeGen/Output/if.cpp.tmp.cir /Users/revofusion/Projects/llvm/clang/test/CIR/CodeGen/if.cpp --check-prefix=CIR
# .---command stderr------------
# | /Users/revofusion/Projects/llvm/clang/test/CIR/CodeGen/if.cpp:17:9: error: CIR: expected string not found in input
# | // CIR: cir.func{{.*}} @_Z3if0b(%arg0: !cir.bool loc({{.*}})) -> !s32i
# |         ^
# | /Users/revofusion/Projects/llvm/build/tools/clang/test/CIR/CodeGen/Output/if.cpp.tmp.cir:1:1: note: scanning from here
# | !s32i = !cir.int<s, 32>
# | ^
# | /Users/revofusion/Projects/llvm/build/tools/clang/test/CIR/CodeGen/Output/if.cpp.tmp.cir:18:16: note: possible intended match here
# |  cir.func no_inline dso_local @_Z3if0b(%arg4: !cir.bool loc(fused[#loc3, #loc4])) -> !s32i {
# |                ^
# | 
# | Input file: /Users/revofusion/Projects/llvm/build/tools/clang/test/CIR/CodeGen/Output/if.cpp.tmp.cir
# | Check file: /Users/revofusion/Projects/llvm/clang/test/CIR/CodeGen/if.cpp
# | 
# | -dump-input=help explains the following input dump.
# | 
# | Input was:
# | <<<<<<
# |             1: !s32i = !cir.int<s, 32> 
# | check:17'0     X~~~~~~~~~~~~~~~~~~~~~~~ error: no match found
# |             2: #loc3 = loc("/Users/revofusion/Projects/llvm/clang/test/CIR/CodeGen/if.cpp":8:9) 
# | check:17'0     ~~~~~~~~~~~~~~~~~~~~~~~~~~~~~~~~~~~~~~~~~~~~~~~~~~~~~~~~~~~~~~~~~~~~~~~~~~~~~~~~~
# |             3: #loc4 = loc("/Users/revofusion/Projects/llvm/clang/test/CIR/CodeGen/if.cpp":8:14) 
# | check:17'0     ~~~~~~~~~~~~~~~~~~~~~~~~~~~~~~~~~~~~~~~~~~~~~~~~~~~~~~~~~~~~~~~~~~~~~~~~~~~~~~~~~~
# |             4: #loc14 = loc("/Users/revofusion/Projects/llvm/clang/test/CIR/CodeGen/if.cpp":65:10) 
# | check:17'0     ~~~~~~~~~~~~~~~~~~~~~~~~~~~~~~~~~~~~~~~~~~~~~~~~~~~~~~~~~~~~~~~~~~~~~~~~~~~~~~~~~~~~
# |             5: #loc15 = loc("/Users/revofusion/Projects/llvm/clang/test/CIR/CodeGen/if.cpp":65:14) 
# | check:17'0     ~~~~~~~~~~~~~~~~~~~~~~~~~~~~~~~~~~~~~~~~~~~~~~~~~~~~~~~~~~~~~~~~~~~~~~~~~~~~~~~~~~~~
# |             6: #loc31 = loc("/Users/revofusion/Projects/llvm/clang/test/CIR/CodeGen/if.cpp":126:10) 
# | check:17'0     ~~~~~~~~~~~~~~~~~~~~~~~~~~~~~~~~~~~~~~~~~~~~~~~~~~~~~~~~~~~~~~~~~~~~~~~~~~~~~~~~~~~~~
# |             .
# |             .
# |             .
# |            13: #loc84 = loc(fused[#loc14, #loc15]) 
# | check:17'0     ~~~~~~~~~~~~~~~~~~~~~~~~~~~~~~~~~~~~
# |            14: #loc91 = loc(fused[#loc31, #loc32]) 
# | check:17'0     ~~~~~~~~~~~~~~~~~~~~~~~~~~~~~~~~~~~~
# |            15: #loc92 = loc(fused[#loc33, #loc34]) 
# | check:17'0     ~~~~~~~~~~~~~~~~~~~~~~~~~~~~~~~~~~~~
# |            16: #loc93 = loc(fused[#loc35, #loc36]) 
# | check:17'0     ~~~~~~~~~~~~~~~~~~~~~~~~~~~~~~~~~~~~
# |            17: module @"/Users/revofusion/Projects/llvm/clang/test/CIR/CodeGen/if.cpp" attributes {cir.lang = #cir.lang<cxx>, cir.module_asm = [], cir.triple = "x86_64-unknown-linux-gnu", dlti.dl_spec = #dlti.dl_spec<!llvm.ptr<270> = dense<32> : vector<4xi64>, !llvm.ptr<271> = dense<32> : vector<4xi64>, !llvm.ptr<272> = dense<64> : vector<4xi64>, i64 = dense<64> : vector<2xi64>, i128 = dense<128> : vector<2xi64>, f80 = dense<128> : vector<2xi64>, !llvm.ptr = dense<64> : vector<4xi64>, i1 = dense<8> : vector<2xi64>, i8 = dense<8> : vector<2xi64>, i16 = dense<16> : vector<2xi64>, i32 = dense<32> : vector<2xi64>, f16 = dense<16> : vector<2xi64>, f64 = dense<64> : vector<2xi64>, f128 = dense<128> : vector<2xi64>, "dlti.endianness" = "little", "dlti.mangling_mode" = "e", "dlti.legal_int_widths" = array<i32: 8, 16, 32, 64>, "dlti.stack_alignment" = 128 : i64>} { 
# | check:17'0     ~~~~~~~~~~~~~~~~~~~~~~~~~~~~~~~~~~~~~~~~~~~~~~~~~~~~~~~~~~~~~~~~~~~~~~~~~~~~~~~~~~~~~~~~~~~~~~~~~~~~~~~~~~~~~~~~~~~~~~~~~~~~~~~~~~~~~~~~~~~~~~~~~~~~~~~~~~~~~~~~~~~~~~~~~~~~~~~~~~~~~~~~~~~~~~~~~~~~~~~~~~~~~~~~~~~~~~~~~~~~~~~~~~~~~~~~~~~~~~~~~~~~~~~~~~~~~~~~~~~~~~~~~~~~~~~~~~~~~~~~~~~~~~~~~~~~~~~~~~~~~~~~~~~~~~~~~~~~~~~~~~~~~~~~~~~~~~~~~~~~~~~~~~~~~~~~~~~~~~~~~~~~~~~~~~~~~~~~~~~~~~~~~~~~~~~~~~~~~~~~~~~~~~~~~~~~~~~~~~~~~~~~~~~~~~~~~~~~~~~~~~~~~~~~~~~~~~~~~~~~~~~~~~~~~~~~~~~~~~~~~~~~~~~~~~~~~~~~~~~~~~~~~~~~~~~~~~~~~~~~~~~~~~~~~~~~~~~~~~~~~~~~~~~~~~~~~~~~~~~~~~~~~~~~~~~~~~~~~~~~~~~~~~~~~~~~~~~~~~~~~~~~~~~~~~~~~~~~~~~~~~~~~~~~~~~~~~~~~~~~~~~~~~~~~~~~~~~~~~~~~~~~~~~~~~~~~~~~~~~~~~~~~~~~~~~~~~~~~~~~~~~~~~~~~~~~~~~~~~~~~~~~~~~~~~~~~~~~~~~~~~~~~~~~~~~~~~~~~~~~~~~~~~~~~~~~~~~~~~~~~~~~~~~~~~~~~~~~~~~~~~~~~~~~~~~~~~~~~~~~~~~~~~~~~~~~~~~~~~~~~~~~~~~~~~~~~~
# |            18:  cir.func no_inline dso_local @_Z3if0b(%arg4: !cir.bool loc(fused[#loc3, #loc4])) -> !s32i { 
# | check:17'0     ~~~~~~~~~~~~~~~~~~~~~~~~~~~~~~~~~~~~~~~~~~~~~~~~~~~~~~~~~~~~~~~~~~~~~~~~~~~~~~~~~~~~~~~~~~~~~
# | check:17'1                    ?                                                                              possible intended match
# |            19:  %33 = cir.alloca !cir.bool, !cir.ptr<!cir.bool>, ["a", init] {alignment = 1 : i64} loc(#loc79) 
# | check:17'0     ~~~~~~~~~~~~~~~~~~~~~~~~~~~~~~~~~~~~~~~~~~~~~~~~~~~~~~~~~~~~~~~~~~~~~~~~~~~~~~~~~~~~~~~~~~~~~~~~
# |            20:  %34 = cir.alloca !s32i, !cir.ptr<!s32i>, ["__retval"] {alignment = 4 : i64} loc(#loc2) 
# | check:17'0     ~~~~~~~~~~~~~~~~~~~~~~~~~~~~~~~~~~~~~~~~~~~~~~~~~~~~~~~~~~~~~~~~~~~~~~~~~~~~~~~~~~~~~~~~
# |            21:  cir.store %arg4, %33 : !cir.bool, !cir.ptr<!cir.bool> loc(#loc5) 
# | check:17'0     ~~~~~~~~~~~~~~~~~~~~~~~~~~~~~~~~~~~~~~~~~~~~~~~~~~~~~~~~~~~~~~~~~~
# |            22:  cir.scope { 
# | check:17'0     ~~~~~~~~~~~~~
# |            23:  %37 = cir.load align(1) %33 : !cir.ptr<!cir.bool>, !cir.bool loc(#loc8) 
# | check:17'0     ~~~~~~~~~~~~~~~~~~~~~~~~~~~~~~~~~~~~~~~~~~~~~~~~~~~~~~~~~~~~~~~~~~~~~~~~~
# |             .
# |             .
# |             .
# | >>>>>>
# `-----------------------------
# error: command failed with exit status: 1

--

********************
Testing:  0
FAIL: Clang :: CIR/CodeGen/inline-attributes.cpp (15 of 258)
******************** TEST 'Clang :: CIR/CodeGen/inline-attributes.cpp' FAILED ********************
Exit Code: 1

Command Output (stdout):
--
# RUN: at line 1
/Users/revofusion/Projects/llvm/build/bin/clang -cc1 -internal-isystem /Users/revofusion/Projects/llvm/build/lib/clang/22/include -nostdsysteminc -std=c++11 -triple x86_64-unknown-linux-gnu -O1 -fclangir -emit-cir /Users/revofusion/Projects/llvm/clang/test/CIR/CodeGen/inline-attributes.cpp -o /Users/revofusion/Projects/llvm/build/tools/clang/test/CIR/CodeGen/Output/inline-attributes.cpp.tmp.cir
# executed command: /Users/revofusion/Projects/llvm/build/bin/clang -cc1 -internal-isystem /Users/revofusion/Projects/llvm/build/lib/clang/22/include -nostdsysteminc -std=c++11 -triple x86_64-unknown-linux-gnu -O1 -fclangir -emit-cir /Users/revofusion/Projects/llvm/clang/test/CIR/CodeGen/inline-attributes.cpp -o /Users/revofusion/Projects/llvm/build/tools/clang/test/CIR/CodeGen/Output/inline-attributes.cpp.tmp.cir
# RUN: at line 2
/Users/revofusion/Projects/llvm/build/bin/FileCheck --check-prefix=CIR --input-file=/Users/revofusion/Projects/llvm/build/tools/clang/test/CIR/CodeGen/Output/inline-attributes.cpp.tmp.cir /Users/revofusion/Projects/llvm/clang/test/CIR/CodeGen/inline-attributes.cpp
# executed command: /Users/revofusion/Projects/llvm/build/bin/FileCheck --check-prefix=CIR --input-file=/Users/revofusion/Projects/llvm/build/tools/clang/test/CIR/CodeGen/Output/inline-attributes.cpp.tmp.cir /Users/revofusion/Projects/llvm/clang/test/CIR/CodeGen/inline-attributes.cpp
# .---command stderr------------
# | /Users/revofusion/Projects/llvm/clang/test/CIR/CodeGen/inline-attributes.cpp:32:15: error: CIR-LABEL: expected string not found in input
# | // CIR-LABEL: cir.func no_inline dso_local @_Z17noinline_functioni(%arg0: !s32i {{.*}}) -> !s32i
# |               ^
# | /Users/revofusion/Projects/llvm/build/tools/clang/test/CIR/CodeGen/Output/inline-attributes.cpp.tmp.cir:1:1: note: scanning from here
# | !s32i = !cir.int<s, 32>
# | ^
# | /Users/revofusion/Projects/llvm/build/tools/clang/test/CIR/CodeGen/Output/inline-attributes.cpp.tmp.cir:20:2: note: possible intended match here
# |  cir.func no_inline dso_local @_Z17noinline_functioni(%arg3: !s32i loc(fused[#loc13, #loc14])) -> !s32i {
# |  ^
# | 
# | Input file: /Users/revofusion/Projects/llvm/build/tools/clang/test/CIR/CodeGen/Output/inline-attributes.cpp.tmp.cir
# | Check file: /Users/revofusion/Projects/llvm/clang/test/CIR/CodeGen/inline-attributes.cpp
# | 
# | -dump-input=help explains the following input dump.
# | 
# | Input was:
# | <<<<<<
# |             1: !s32i = !cir.int<s, 32> 
# | label:32'0     X~~~~~~~~~~~~~~~~~~~~~~~ error: no match found
# |             2: #loc13 = loc("/Users/revofusion/Projects/llvm/clang/test/CIR/CodeGen/inline-attributes.cpp":18:49) 
# | label:32'0     ~~~~~~~~~~~~~~~~~~~~~~~~~~~~~~~~~~~~~~~~~~~~~~~~~~~~~~~~~~~~~~~~~~~~~~~~~~~~~~~~~~~~~~~~~~~~~~~~~~~
# |             3: #loc14 = loc("/Users/revofusion/Projects/llvm/clang/test/CIR/CodeGen/inline-attributes.cpp":18:53) 
# | label:32'0     ~~~~~~~~~~~~~~~~~~~~~~~~~~~~~~~~~~~~~~~~~~~~~~~~~~~~~~~~~~~~~~~~~~~~~~~~~~~~~~~~~~~~~~~~~~~~~~~~~~~
# |             4: #loc22 = loc("/Users/revofusion/Projects/llvm/clang/test/CIR/CodeGen/inline-attributes.cpp":22:22) 
# | label:32'0     ~~~~~~~~~~~~~~~~~~~~~~~~~~~~~~~~~~~~~~~~~~~~~~~~~~~~~~~~~~~~~~~~~~~~~~~~~~~~~~~~~~~~~~~~~~~~~~~~~~~
# |             5: #loc23 = loc("/Users/revofusion/Projects/llvm/clang/test/CIR/CodeGen/inline-attributes.cpp":22:26) 
# | label:32'0     ~~~~~~~~~~~~~~~~~~~~~~~~~~~~~~~~~~~~~~~~~~~~~~~~~~~~~~~~~~~~~~~~~~~~~~~~~~~~~~~~~~~~~~~~~~~~~~~~~~~
# |             6: #loc31 = loc("/Users/revofusion/Projects/llvm/clang/test/CIR/CodeGen/inline-attributes.cpp":10:66) 
# | label:32'0     ~~~~~~~~~~~~~~~~~~~~~~~~~~~~~~~~~~~~~~~~~~~~~~~~~~~~~~~~~~~~~~~~~~~~~~~~~~~~~~~~~~~~~~~~~~~~~~~~~~~
# |             .
# |             .
# |             .
# |            15:  cir.global "private" external @global_var : !s32i {alignment = 4 : i64} loc(#loc47) 
# | label:32'0     ~~~~~~~~~~~~~~~~~~~~~~~~~~~~~~~~~~~~~~~~~~~~~~~~~~~~~~~~~~~~~~~~~~~~~~~~~~~~~~~~~~~~~
# |            16:  cir.global external @always_inline_ptr = #cir.global_view<@_Z22always_inline_functioni> : !cir.ptr<!cir.func<(!s32i) -> !s32i>> {alignment = 8 : i64} loc(#loc48) 
# | label:32'0     ~~~~~~~~~~~~~~~~~~~~~~~~~~~~~~~~~~~~~~~~~~~~~~~~~~~~~~~~~~~~~~~~~~~~~~~~~~~~~~~~~~~~~~~~~~~~~~~~~~~~~~~~~~~~~~~~~~~~~~~~~~~~~~~~~~~~~~~~~~~~~~~~~~~~~~~~~~~~~~~~~~~
# |            17:  cir.global external @inline_hint_ptr = #cir.global_view<@_Z20inline_hint_functioni> : !cir.ptr<!cir.func<(!s32i) -> !s32i>> {alignment = 8 : i64} loc(#loc49) 
# | label:32'0     ~~~~~~~~~~~~~~~~~~~~~~~~~~~~~~~~~~~~~~~~~~~~~~~~~~~~~~~~~~~~~~~~~~~~~~~~~~~~~~~~~~~~~~~~~~~~~~~~~~~~~~~~~~~~~~~~~~~~~~~~~~~~~~~~~~~~~~~~~~~~~~~~~~~~~~~~~~~~~~~
# |            18:  cir.global external @noinline_ptr = #cir.global_view<@_Z17noinline_functioni> : !cir.ptr<!cir.func<(!s32i) -> !s32i>> {alignment = 8 : i64} loc(#loc50) 
# | label:32'0     ~~~~~~~~~~~~~~~~~~~~~~~~~~~~~~~~~~~~~~~~~~~~~~~~~~~~~~~~~~~~~~~~~~~~~~~~~~~~~~~~~~~~~~~~~~~~~~~~~~~~~~~~~~~~~~~~~~~~~~~~~~~~~~~~~~~~~~~~~~~~~~~~~~~~~~~~~
# |            19:  cir.global external @regular_ptr = #cir.global_view<@_Z16regular_functioni> : !cir.ptr<!cir.func<(!s32i) -> !s32i>> {alignment = 8 : i64} loc(#loc51) 
# | label:32'0     ~~~~~~~~~~~~~~~~~~~~~~~~~~~~~~~~~~~~~~~~~~~~~~~~~~~~~~~~~~~~~~~~~~~~~~~~~~~~~~~~~~~~~~~~~~~~~~~~~~~~~~~~~~~~~~~~~~~~~~~~~~~~~~~~~~~~~~~~~~~~~~~~~~~~~~~
# |            20:  cir.func no_inline dso_local @_Z17noinline_functioni(%arg3: !s32i loc(fused[#loc13, #loc14])) -> !s32i { 
# | label:32'0     ~~~~~~~~~~~~~~~~~~~~~~~~~~~~~~~~~~~~~~~~~~~~~~~~~~~~~~~~~~~~~~~~~~~~~~~~~~~~~~~~~~~~~~~~~~~~~~~~~~~~~~~~~~
# | label:32'1      ?                                                                                                         possible intended match
# |            21:  %27 = cir.alloca !s32i, !cir.ptr<!s32i>, ["x", init] {alignment = 4 : i64} loc(#loc53) 
# | label:32'0     ~~~~~~~~~~~~~~~~~~~~~~~~~~~~~~~~~~~~~~~~~~~~~~~~~~~~~~~~~~~~~~~~~~~~~~~~~~~~~~~~~~~~~~~~
# |            22:  %28 = cir.alloca !s32i, !cir.ptr<!s32i>, ["__retval"] {alignment = 4 : i64} loc(#loc12) 
# | label:32'0     ~~~~~~~~~~~~~~~~~~~~~~~~~~~~~~~~~~~~~~~~~~~~~~~~~~~~~~~~~~~~~~~~~~~~~~~~~~~~~~~~~~~~~~~~~
# |            23:  cir.store %arg3, %27 : !s32i, !cir.ptr<!s32i> loc(#loc15) 
# | label:32'0     ~~~~~~~~~~~~~~~~~~~~~~~~~~~~~~~~~~~~~~~~~~~~~~~~~~~~~~~~~~~
# |            24:  %29 = cir.load align(4) %27 : !cir.ptr<!s32i>, !s32i loc(#loc16) 
# | label:32'0     ~~~~~~~~~~~~~~~~~~~~~~~~~~~~~~~~~~~~~~~~~~~~~~~~~~~~~~~~~~~~~~~~~~
# |            25:  %30 = cir.const #cir.int<2> : !s32i loc(#loc17) 
# | label:32'0     ~~~~~~~~~~~~~~~~~~~~~~~~~~~~~~~~~~~~~~~~~~~~~~~~~
# |             .
# |             .
# |             .
# | >>>>>>
# `-----------------------------
# error: command failed with exit status: 1

--

********************
Testing:  0
FAIL: Clang :: CIR/CodeGen/cxx-special-member-attr.cpp (16 of 258)
******************** TEST 'Clang :: CIR/CodeGen/cxx-special-member-attr.cpp' FAILED ********************
Exit Code: 1

Command Output (stdout):
--
# RUN: at line 1
/Users/revofusion/Projects/llvm/build/bin/clang -cc1 -internal-isystem /Users/revofusion/Projects/llvm/build/lib/clang/22/include -nostdsysteminc -std=c++11 -triple aarch64-none-linux-android21 -fclangir -emit-cir /Users/revofusion/Projects/llvm/clang/test/CIR/CodeGen/cxx-special-member-attr.cpp -o /Users/revofusion/Projects/llvm/build/tools/clang/test/CIR/CodeGen/Output/cxx-special-member-attr.cpp.tmp.cir
# executed command: /Users/revofusion/Projects/llvm/build/bin/clang -cc1 -internal-isystem /Users/revofusion/Projects/llvm/build/lib/clang/22/include -nostdsysteminc -std=c++11 -triple aarch64-none-linux-android21 -fclangir -emit-cir /Users/revofusion/Projects/llvm/clang/test/CIR/CodeGen/cxx-special-member-attr.cpp -o /Users/revofusion/Projects/llvm/build/tools/clang/test/CIR/CodeGen/Output/cxx-special-member-attr.cpp.tmp.cir
# RUN: at line 2
/Users/revofusion/Projects/llvm/build/bin/FileCheck --check-prefix=CIR --input-file=/Users/revofusion/Projects/llvm/build/tools/clang/test/CIR/CodeGen/Output/cxx-special-member-attr.cpp.tmp.cir /Users/revofusion/Projects/llvm/clang/test/CIR/CodeGen/cxx-special-member-attr.cpp
# executed command: /Users/revofusion/Projects/llvm/build/bin/FileCheck --check-prefix=CIR --input-file=/Users/revofusion/Projects/llvm/build/tools/clang/test/CIR/CodeGen/Output/cxx-special-member-attr.cpp.tmp.cir /Users/revofusion/Projects/llvm/clang/test/CIR/CodeGen/cxx-special-member-attr.cpp
# .---command stderr------------
# | /Users/revofusion/Projects/llvm/clang/test/CIR/CodeGen/cxx-special-member-attr.cpp:41:10: error: CIR: expected string not found in input
# |  // CIR: @_ZN4FlubC1EOS_(%arg0: !cir.ptr<!rec_Flub> loc({{.*}}), %arg1: !cir.ptr<!rec_Flub> loc({{.*}})) special_member<#cir.cxx_ctor<!rec_Flub, move, trivial true>
# |          ^
# | /Users/revofusion/Projects/llvm/build/tools/clang/test/CIR/CodeGen/Output/cxx-special-member-attr.cpp.tmp.cir:59:43: note: scanning from here
# |  cir.copy %99 to %98 : !cir.ptr<!rec_Flub> loc(#loc1)
# |                                           ^
# | 
# | Input file: /Users/revofusion/Projects/llvm/build/tools/clang/test/CIR/CodeGen/Output/cxx-special-member-attr.cpp.tmp.cir
# | Check file: /Users/revofusion/Projects/llvm/clang/test/CIR/CodeGen/cxx-special-member-attr.cpp
# | 
# | -dump-input=help explains the following input dump.
# | 
# | Input was:
# | <<<<<<
# |           .
# |           .
# |           .
# |          54:  %97 = cir.alloca !cir.ptr<!rec_Flub>, !cir.ptr<!cir.ptr<!rec_Flub>>, ["", init, const] {alignment = 8 : i64} loc(#loc1) 
# |          55:  cir.store %arg22, %96 : !cir.ptr<!rec_Flub>, !cir.ptr<!cir.ptr<!rec_Flub>> loc(#loc1) 
# |          56:  cir.store %arg23, %97 : !cir.ptr<!rec_Flub>, !cir.ptr<!cir.ptr<!rec_Flub>> loc(#loc1) 
# |          57:  %98 = cir.load %96 : !cir.ptr<!cir.ptr<!rec_Flub>>, !cir.ptr<!rec_Flub> loc(#loc1) 
# |          58:  %99 = cir.load align(8) %97 : !cir.ptr<!cir.ptr<!rec_Flub>>, !cir.ptr<!rec_Flub> loc(#loc1) 
# |          59:  cir.copy %99 to %98 : !cir.ptr<!rec_Flub> loc(#loc1) 
# | check:41                                               X~~~~~~~~~~~ error: no match found
# |          60:  cir.return loc(#loc1) 
# | check:41     ~~~~~~~~~~~~~~~~~~~~~~~
# |          61:  } loc(#loc1) 
# | check:41     ~~~~~~~~~~~~~~
# |          62:  cir.func no_inline comdat linkonce_odr @_ZN4FlubC2EOS_(%arg20: !cir.ptr<!rec_Flub> loc("/Users/revofusion/Projects/llvm/clang/test/CIR/CodeGen/cxx-special-member-attr.cpp":4:8), %arg21: !cir.ptr<!rec_Flub> loc("/Users/revofusion/Projects/llvm/clang/test/CIR/CodeGen/cxx-special-member-attr.cpp":4:8)) special_member<#cir.cxx_ctor<!rec_Flub, move, trivial true>> { 
# | check:41     ~~~~~~~~~~~~~~~~~~~~~~~~~~~~~~~~~~~~~~~~~~~~~~~~~~~~~~~~~~~~~~~~~~~~~~~~~~~~~~~~~~~~~~~~~~~~~~~~~~~~~~~~~~~~~~~~~~~~~~~~~~~~~~~~~~~~~~~~~~~~~~~~~~~~~~~~~~~~~~~~~~~~~~~~~~~~~~~~~~~~~~~~~~~~~~~~~~~~~~~~~~~~~~~~~~~~~~~~~~~~~~~~~~~~~~~~~~~~~~~~~~~~~~~~~~~~~~~~~~~~~~~~~~~~~~~~~~~~~~~~~~~~~~~~~~~~~~~~~~~~~~~~~~~~~~~~~~~~~~~~~~~~~~~~~~~~~~~~~~~~~~~~~~~~~~~~~~~~~~~~~~~~~
# |          63:  %89 = cir.alloca !cir.ptr<!rec_Flub>, !cir.ptr<!cir.ptr<!rec_Flub>>, ["this", init] {alignment = 8 : i64} loc(#loc1) 
# | check:41     ~~~~~~~~~~~~~~~~~~~~~~~~~~~~~~~~~~~~~~~~~~~~~~~~~~~~~~~~~~~~~~~~~~~~~~~~~~~~~~~~~~~~~~~~~~~~~~~~~~~~~~~~~~~~~~~~~~~~~~
# |          64:  %90 = cir.alloca !cir.ptr<!rec_Flub>, !cir.ptr<!cir.ptr<!rec_Flub>>, ["", init, const] {alignment = 8 : i64} loc(#loc1) 
# | check:41     ~~~~~~~~~~~~~~~~~~~~~~~~~~~~~~~~~~~~~~~~~~~~~~~~~~~~~~~~~~~~~~~~~~~~~~~~~~~~~~~~~~~~~~~~~~~~~~~~~~~~~~~~~~~~~~~~~~~~~~~~~
# |           .
# |           .
# |           .
# | >>>>>>
# `-----------------------------
# error: command failed with exit status: 1

--

********************
Testing:  0
FAIL: Clang :: CIR/CodeGen/lambda.cpp (17 of 258)
******************** TEST 'Clang :: CIR/CodeGen/lambda.cpp' FAILED ********************
Exit Code: 1

Command Output (stdout):
--
# RUN: at line 1
/Users/revofusion/Projects/llvm/build/bin/clang -cc1 -internal-isystem /Users/revofusion/Projects/llvm/build/lib/clang/22/include -nostdsysteminc -triple x86_64-unknown-linux-gnu -fclangir -emit-cir /Users/revofusion/Projects/llvm/clang/test/CIR/CodeGen/lambda.cpp -o /Users/revofusion/Projects/llvm/build/tools/clang/test/CIR/CodeGen/Output/lambda.cpp.tmp.cir
# executed command: /Users/revofusion/Projects/llvm/build/bin/clang -cc1 -internal-isystem /Users/revofusion/Projects/llvm/build/lib/clang/22/include -nostdsysteminc -triple x86_64-unknown-linux-gnu -fclangir -emit-cir /Users/revofusion/Projects/llvm/clang/test/CIR/CodeGen/lambda.cpp -o /Users/revofusion/Projects/llvm/build/tools/clang/test/CIR/CodeGen/Output/lambda.cpp.tmp.cir
# .---command stderr------------
# | /Users/revofusion/Projects/llvm/clang/test/CIR/CodeGen/lambda.cpp:154:11: warning: address of stack memory associated with local variable 'i' returned [-Wreturn-stack-address]
# |   154 |   return [&] {
# |       |           ^
# | /Users/revofusion/Projects/llvm/clang/test/CIR/CodeGen/lambda.cpp:155:5: note: implicitly captured by reference due to use here
# |   154 |   return [&] {
# |       |           ~
# |   155 |     i += 100;
# |       |     ^
# | 1 warning generated.
# `-----------------------------
# RUN: at line 2
/Users/revofusion/Projects/llvm/build/bin/FileCheck --check-prefix=CIR --input-file=/Users/revofusion/Projects/llvm/build/tools/clang/test/CIR/CodeGen/Output/lambda.cpp.tmp.cir /Users/revofusion/Projects/llvm/clang/test/CIR/CodeGen/lambda.cpp
# executed command: /Users/revofusion/Projects/llvm/build/bin/FileCheck --check-prefix=CIR --input-file=/Users/revofusion/Projects/llvm/build/tools/clang/test/CIR/CodeGen/Output/lambda.cpp.tmp.cir /Users/revofusion/Projects/llvm/clang/test/CIR/CodeGen/lambda.cpp
# .---command stderr------------
# | /Users/revofusion/Projects/llvm/clang/test/CIR/CodeGen/lambda.cpp:366:9: error: CIR: expected string not found in input
# | // CIR: %[[THIS]] = cir.load deref %[[THIS_ADDR]] : !cir.ptr<!cir.ptr<!rec_A>>, !cir.ptr<!rec_A>
# |         ^
# | /Users/revofusion/Projects/llvm/build/tools/clang/test/CIR/CodeGen/Output/lambda.cpp.tmp.cir:170:22: note: scanning from here
# |  cir.store %arg2, %25 : !cir.ptr<!rec_A>, !cir.ptr<!cir.ptr<!rec_A>> loc(#loc73)
# |                      ^
# | /Users/revofusion/Projects/llvm/build/tools/clang/test/CIR/CodeGen/Output/lambda.cpp.tmp.cir:170:22: note: with "THIS" equal to "34"
# |  cir.store %arg2, %25 : !cir.ptr<!rec_A>, !cir.ptr<!cir.ptr<!rec_A>> loc(#loc73)
# |                      ^
# | /Users/revofusion/Projects/llvm/build/tools/clang/test/CIR/CodeGen/Output/lambda.cpp.tmp.cir:170:22: note: with "THIS_ADDR" equal to "25"
# |  cir.store %arg2, %25 : !cir.ptr<!rec_A>, !cir.ptr<!cir.ptr<!rec_A>> loc(#loc73)
# |                      ^
# | /Users/revofusion/Projects/llvm/build/tools/clang/test/CIR/CodeGen/Output/lambda.cpp.tmp.cir:171:2: note: possible intended match here
# |  %27 = cir.load deref %25 : !cir.ptr<!cir.ptr<!rec_A>>, !cir.ptr<!rec_A> loc(#loc72)
# |  ^
# | 
# | Input file: /Users/revofusion/Projects/llvm/build/tools/clang/test/CIR/CodeGen/Output/lambda.cpp.tmp.cir
# | Check file: /Users/revofusion/Projects/llvm/clang/test/CIR/CodeGen/lambda.cpp
# | 
# | -dump-input=help explains the following input dump.
# | 
# | Input was:
# | <<<<<<
# |              .
# |              .
# |              .
# |            165:  cir.return %38 : !s32i loc(#loc132) 
# |            166:  } loc(#loc131) 
# |            167:  cir.func no_inline comdat linkonce_odr @_ZN1A3fooEv(%arg2: !cir.ptr<!rec_A> loc("/Users/revofusion/Projects/llvm/clang/test/CIR/CodeGen/lambda.cpp":322:7)) -> !s32i { 
# |            168:  %25 = cir.alloca !cir.ptr<!rec_A>, !cir.ptr<!cir.ptr<!rec_A>>, ["this", init] {alignment = 8 : i64} loc(#loc72) 
# |            169:  %26 = cir.alloca !s32i, !cir.ptr<!s32i>, ["__retval"] {alignment = 4 : i64} loc(#loc71) 
# |            170:  cir.store %arg2, %25 : !cir.ptr<!rec_A>, !cir.ptr<!cir.ptr<!rec_A>> loc(#loc73) 
# | check:366'0                          X~~~~~~~~~~~~~~~~~~~~~~~~~~~~~~~~~~~~~~~~~~~~~~~~~~~~~~~~~~~ error: no match found
# | check:366'1                                                                                       with "THIS" equal to "34"
# | check:366'2                                                                                       with "THIS_ADDR" equal to "25"
# |            171:  %27 = cir.load deref %25 : !cir.ptr<!cir.ptr<!rec_A>>, !cir.ptr<!rec_A> loc(#loc72) 
# | check:366'0     ~~~~~~~~~~~~~~~~~~~~~~~~~~~~~~~~~~~~~~~~~~~~~~~~~~~~~~~~~~~~~~~~~~~~~~~~~~~~~~~~~~~~~
# | check:366'3      ?                                                                                    possible intended match
# |            172:  cir.scope { 
# | check:366'0     ~~~~~~~~~~~~~
# |            173:  %29 = cir.alloca !rec_anon2E7, !cir.ptr<!rec_anon2E7>, ["ref.tmp0"] {alignment = 4 : i64} loc(#loc135) 
# | check:366'0     ~~~~~~~~~~~~~~~~~~~~~~~~~~~~~~~~~~~~~~~~~~~~~~~~~~~~~~~~~~~~~~~~~~~~~~~~~~~~~~~~~~~~~~~~~~~~~~~~~~~~~~~~
# |            174:  %30 = cir.get_member %29[0] {name = "this"} : !cir.ptr<!rec_anon2E7> -> !cir.ptr<!rec_A> loc(#loc67) 
# | check:366'0     ~~~~~~~~~~~~~~~~~~~~~~~~~~~~~~~~~~~~~~~~~~~~~~~~~~~~~~~~~~~~~~~~~~~~~~~~~~~~~~~~~~~~~~~~~~~~~~~~~~~~~~
# |            175:  cir.copy %27 to %30 : !cir.ptr<!rec_A> loc(#loc67) 
# | check:366'0     ~~~~~~~~~~~~~~~~~~~~~~~~~~~~~~~~~~~~~~~~~~~~~~~~~~~~
# |            176:  %31 = cir.call @_ZZN1A3fooEvENKUlvE_clEv(%29) : (!cir.ptr<!rec_anon2E7>) -> !s32i loc(#loc65) 
# | check:366'0     ~~~~~~~~~~~~~~~~~~~~~~~~~~~~~~~~~~~~~~~~~~~~~~~~~~~~~~~~~~~~~~~~~~~~~~~~~~~~~~~~~~~~~~~~~~~~~~~
# |              .
# |              .
# |              .
# | >>>>>>
# `-----------------------------
# error: command failed with exit status: 1

--

********************
Testing:  0.
FAIL: Clang :: CIR/CodeGen/global-init.cpp (18 of 258)
******************** TEST 'Clang :: CIR/CodeGen/global-init.cpp' FAILED ********************
Exit Code: 1

Command Output (stdout):
--
# RUN: at line 1
/Users/revofusion/Projects/llvm/build/bin/clang -cc1 -internal-isystem /Users/revofusion/Projects/llvm/build/lib/clang/22/include -nostdsysteminc -std=c++17 -triple x86_64-unknown-linux-gnu -fclangir -emit-cir -mmlir --mlir-print-ir-before=cir-lowering-prepare /Users/revofusion/Projects/llvm/clang/test/CIR/CodeGen/global-init.cpp -o /Users/revofusion/Projects/llvm/build/tools/clang/test/CIR/CodeGen/Output/global-init.cpp.tmp.cir 2> /Users/revofusion/Projects/llvm/build/tools/clang/test/CIR/CodeGen/Output/global-init.cpp.tmp-before.cir
# executed command: /Users/revofusion/Projects/llvm/build/bin/clang -cc1 -internal-isystem /Users/revofusion/Projects/llvm/build/lib/clang/22/include -nostdsysteminc -std=c++17 -triple x86_64-unknown-linux-gnu -fclangir -emit-cir -mmlir --mlir-print-ir-before=cir-lowering-prepare /Users/revofusion/Projects/llvm/clang/test/CIR/CodeGen/global-init.cpp -o /Users/revofusion/Projects/llvm/build/tools/clang/test/CIR/CodeGen/Output/global-init.cpp.tmp.cir
# RUN: at line 2
/Users/revofusion/Projects/llvm/build/bin/FileCheck --input-file=/Users/revofusion/Projects/llvm/build/tools/clang/test/CIR/CodeGen/Output/global-init.cpp.tmp-before.cir /Users/revofusion/Projects/llvm/clang/test/CIR/CodeGen/global-init.cpp --check-prefix=CIR-BEFORE-LPP
# executed command: /Users/revofusion/Projects/llvm/build/bin/FileCheck --input-file=/Users/revofusion/Projects/llvm/build/tools/clang/test/CIR/CodeGen/Output/global-init.cpp.tmp-before.cir /Users/revofusion/Projects/llvm/clang/test/CIR/CodeGen/global-init.cpp --check-prefix=CIR-BEFORE-LPP
# RUN: at line 3
/Users/revofusion/Projects/llvm/build/bin/FileCheck --input-file=/Users/revofusion/Projects/llvm/build/tools/clang/test/CIR/CodeGen/Output/global-init.cpp.tmp.cir /Users/revofusion/Projects/llvm/clang/test/CIR/CodeGen/global-init.cpp --check-prefix=CIR
# executed command: /Users/revofusion/Projects/llvm/build/bin/FileCheck --input-file=/Users/revofusion/Projects/llvm/build/tools/clang/test/CIR/CodeGen/Output/global-init.cpp.tmp.cir /Users/revofusion/Projects/llvm/clang/test/CIR/CodeGen/global-init.cpp --check-prefix=CIR
# .---command stderr------------
# | /Users/revofusion/Projects/llvm/clang/test/CIR/CodeGen/global-init.cpp:40:9: error: CIR: expected string not found in input
# | // CIR: %0 = cir.get_global @needsCtor : !cir.ptr<!rec_NeedsCtor>
# |         ^
# | /Users/revofusion/Projects/llvm/build/tools/clang/test/CIR/CodeGen/Output/global-init.cpp.tmp.cir:18:54: note: scanning from here
# |  cir.func internal private @__cxx_global_var_init() {
# |                                                      ^
# | /Users/revofusion/Projects/llvm/build/tools/clang/test/CIR/CodeGen/Output/global-init.cpp.tmp.cir:19:3: note: possible intended match here
# |  %35 = cir.get_global @needsCtor : !cir.ptr<!rec_NeedsCtor> loc(#loc34)
# |   ^
# | 
# | Input file: /Users/revofusion/Projects/llvm/build/tools/clang/test/CIR/CodeGen/Output/global-init.cpp.tmp.cir
# | Check file: /Users/revofusion/Projects/llvm/clang/test/CIR/CodeGen/global-init.cpp
# | 
# | -dump-input=help explains the following input dump.
# | 
# | Input was:
# | <<<<<<
# |             .
# |             .
# |             .
# |            13: module @"/Users/revofusion/Projects/llvm/clang/test/CIR/CodeGen/global-init.cpp" attributes {cir.global_ctors = [#cir.global_ctor<"_GLOBAL__sub_I_global_init.cpp", 65535>], cir.lang = #cir.lang<cxx>, cir.module_asm = [], cir.triple = "x86_64-unknown-linux-gnu", dlti.dl_spec = #dlti.dl_spec<!llvm.ptr<270> = dense<32> : vector<4xi64>, !llvm.ptr<271> = dense<32> : vector<4xi64>, !llvm.ptr<272> = dense<64> : vector<4xi64>, i64 = dense<64> : vector<2xi64>, i128 = dense<128> : vector<2xi64>, f80 = dense<128> : vector<2xi64>, !llvm.ptr = dense<64> : vector<4xi64>, i1 = dense<8> : vector<2xi64>, i8 = dense<8> : vector<2xi64>, i16 = dense<16> : vector<2xi64>, i32 = dense<32> : vector<2xi64>, f16 = dense<16> : vector<2xi64>, f64 = dense<64> : vector<2xi64>, f128 = dense<128> : vector<2xi64>, "dlti.endianness" = "little", "dlti.mangling_mode" = "e", "dlti.legal_int_widths" = array<i32: 8, 16, 32, 64>, "dlti.stack_alignment" = 128 : i64>} { 
# |            14:  cir.global "private" hidden external @__dso_handle : i8 loc(#loc32) 
# |            15:  cir.func private @__cxa_atexit(!cir.ptr<!cir.func<(!cir.ptr<!void>)>>, !cir.ptr<!void>, !cir.ptr<i8>) loc(#loc32) 
# |            16:  cir.func private @_ZN9NeedsCtorC1Ev(!cir.ptr<!rec_NeedsCtor>) special_member<#cir.cxx_ctor<!rec_NeedsCtor, default>> loc(#loc33) 
# |            17:  cir.global external @needsCtor = #cir.zero : !rec_NeedsCtor {alignment = 1 : i64} loc(#loc34) 
# |            18:  cir.func internal private @__cxx_global_var_init() { 
# | check:40'0                                                          X error: no match found
# |            19:  %35 = cir.get_global @needsCtor : !cir.ptr<!rec_NeedsCtor> loc(#loc34) 
# | check:40'0     ~~~~~~~~~~~~~~~~~~~~~~~~~~~~~~~~~~~~~~~~~~~~~~~~~~~~~~~~~~~~~~~~~~~~~~~~
# | check:40'1       ?                                                                      possible intended match
# |            20:  cir.call @_ZN9NeedsCtorC1Ev(%35) : (!cir.ptr<!rec_NeedsCtor>) -> () loc(#loc6) 
# | check:40'0     ~~~~~~~~~~~~~~~~~~~~~~~~~~~~~~~~~~~~~~~~~~~~~~~~~~~~~~~~~~~~~~~~~~~~~~~~~~~~~~~~
# |            21:  cir.return loc(#loc34) 
# | check:40'0     ~~~~~~~~~~~~~~~~~~~~~~~~
# |            22:  } loc(#loc34) 
# | check:40'0     ~~~~~~~~~~~~~~~
# |            23:  cir.func private @_ZN9NeedsDtorD1Ev(!cir.ptr<!rec_NeedsDtor>) special_member<#cir.cxx_dtor<!rec_NeedsDtor>> loc(#loc35) 
# | check:40'0     ~~~~~~~~~~~~~~~~~~~~~~~~~~~~~~~~~~~~~~~~~~~~~~~~~~~~~~~~~~~~~~~~~~~~~~~~~~~~~~~~~~~~~~~~~~~~~~~~~~~~~~~~~~~~~~~~~~~~~~~~~
# |            24:  cir.global external @needsDtor = #cir.zero : !rec_NeedsDtor {alignment = 1 : i64} loc(#loc32) 
# | check:40'0     ~~~~~~~~~~~~~~~~~~~~~~~~~~~~~~~~~~~~~~~~~~~~~~~~~~~~~~~~~~~~~~~~~~~~~~~~~~~~~~~~~~~~~~~~~~~~~~~
# |             .
# |             .
# |             .
# | >>>>>>
# `-----------------------------
# error: command failed with exit status: 1

--

********************
Testing:  0.
FAIL: Clang :: CIR/CodeGen/paren-init-list.cpp (19 of 258)
******************** TEST 'Clang :: CIR/CodeGen/paren-init-list.cpp' FAILED ********************
Exit Code: 1

Command Output (stdout):
--
# RUN: at line 1
/Users/revofusion/Projects/llvm/build/bin/clang -cc1 -internal-isystem /Users/revofusion/Projects/llvm/build/lib/clang/22/include -nostdsysteminc -std=c++20 -triple x86_64-unknown-linux-gnu -fclangir -emit-cir /Users/revofusion/Projects/llvm/clang/test/CIR/CodeGen/paren-init-list.cpp -o /Users/revofusion/Projects/llvm/build/tools/clang/test/CIR/CodeGen/Output/paren-init-list.cpp.tmp.cir
# executed command: /Users/revofusion/Projects/llvm/build/bin/clang -cc1 -internal-isystem /Users/revofusion/Projects/llvm/build/lib/clang/22/include -nostdsysteminc -std=c++20 -triple x86_64-unknown-linux-gnu -fclangir -emit-cir /Users/revofusion/Projects/llvm/clang/test/CIR/CodeGen/paren-init-list.cpp -o /Users/revofusion/Projects/llvm/build/tools/clang/test/CIR/CodeGen/Output/paren-init-list.cpp.tmp.cir
# RUN: at line 2
/Users/revofusion/Projects/llvm/build/bin/FileCheck --check-prefix=CIR --input-file=/Users/revofusion/Projects/llvm/build/tools/clang/test/CIR/CodeGen/Output/paren-init-list.cpp.tmp.cir /Users/revofusion/Projects/llvm/clang/test/CIR/CodeGen/paren-init-list.cpp
# executed command: /Users/revofusion/Projects/llvm/build/bin/FileCheck --check-prefix=CIR --input-file=/Users/revofusion/Projects/llvm/build/tools/clang/test/CIR/CodeGen/Output/paren-init-list.cpp.tmp.cir /Users/revofusion/Projects/llvm/clang/test/CIR/CodeGen/paren-init-list.cpp
# .---command stderr------------
# | /Users/revofusion/Projects/llvm/clang/test/CIR/CodeGen/paren-init-list.cpp:16:9: error: CIR: expected string not found in input
# | // CIR: %[[CONST:.*]] = cir.const #cir.const_record<{#cir.int<1> : !s32i, #cir.int<97> : !s8i}> : !rec_CompleteS
# |         ^
# | /Users/revofusion/Projects/llvm/build/tools/clang/test/CIR/CodeGen/Output/paren-init-list.cpp.tmp.cir:6:71: note: scanning from here
# |  %0 = cir.alloca !rec_CompleteS, !cir.ptr<!rec_CompleteS>, ["a", init] {alignment = 4 : i64} loc(#loc10)
# |                                                                       ^
# | 
# | Input file: /Users/revofusion/Projects/llvm/build/tools/clang/test/CIR/CodeGen/Output/paren-init-list.cpp.tmp.cir
# | Check file: /Users/revofusion/Projects/llvm/clang/test/CIR/CodeGen/paren-init-list.cpp
# | 
# | -dump-input=help explains the following input dump.
# | 
# | Input was:
# | <<<<<<
# |           1: !s32i = !cir.int<s, 32> 
# |           2: !s8i = !cir.int<s, 8> 
# |           3: !rec_CompleteS = !cir.record<struct "CompleteS" {!s32i, !s8i}> 
# |           4: module @"/Users/revofusion/Projects/llvm/clang/test/CIR/CodeGen/paren-init-list.cpp" attributes {cir.lang = #cir.lang<cxx>, cir.module_asm = [], cir.triple = "x86_64-unknown-linux-gnu", dlti.dl_spec = #dlti.dl_spec<!llvm.ptr<270> = dense<32> : vector<4xi64>, !llvm.ptr<271> = dense<32> : vector<4xi64>, !llvm.ptr<272> = dense<64> : vector<4xi64>, i64 = dense<64> : vector<2xi64>, i128 = dense<128> : vector<2xi64>, f80 = dense<128> : vector<2xi64>, !llvm.ptr = dense<64> : vector<4xi64>, i1 = dense<8> : vector<2xi64>, i8 = dense<8> : vector<2xi64>, i16 = dense<16> : vector<2xi64>, i32 = dense<32> : vector<2xi64>, f16 = dense<16> : vector<2xi64>, f64 = dense<64> : vector<2xi64>, f128 = dense<128> : vector<2xi64>, "dlti.endianness" = "little", "dlti.mangling_mode" = "e", "dlti.legal_int_widths" = array<i32: 8, 16, 32, 64>, "dlti.stack_alignment" = 128 : i64>} { 
# |           5:  cir.func no_inline dso_local @_Z24cxx_paren_list_init_exprv() { 
# |           6:  %0 = cir.alloca !rec_CompleteS, !cir.ptr<!rec_CompleteS>, ["a", init] {alignment = 4 : i64} loc(#loc10) 
# | check:16                                                                           X~~~~~~~~~~~~~~~~~~~~~~~~~~~~~~~~~~ error: no match found
# |           7:  %1 = cir.get_member %0[0] {name = "a"} : !cir.ptr<!rec_CompleteS> -> !cir.ptr<!s32i> loc(#loc5) 
# | check:16     ~~~~~~~~~~~~~~~~~~~~~~~~~~~~~~~~~~~~~~~~~~~~~~~~~~~~~~~~~~~~~~~~~~~~~~~~~~~~~~~~~~~~~~~~~~~~~~~~~
# |           8:  %2 = cir.const #cir.int<1> : !s32i loc(#loc6) 
# | check:16     ~~~~~~~~~~~~~~~~~~~~~~~~~~~~~~~~~~~~~~~~~~~~~~~
# |           9:  cir.store align(4) %2, %1 : !s32i, !cir.ptr<!s32i> loc(#loc6) 
# | check:16     ~~~~~~~~~~~~~~~~~~~~~~~~~~~~~~~~~~~~~~~~~~~~~~~~~~~~~~~~~~~~~~~
# |          10:  %3 = cir.get_member %0[1] {name = "b"} : !cir.ptr<!rec_CompleteS> -> !cir.ptr<!s8i> loc(#loc7) 
# | check:16     ~~~~~~~~~~~~~~~~~~~~~~~~~~~~~~~~~~~~~~~~~~~~~~~~~~~~~~~~~~~~~~~~~~~~~~~~~~~~~~~~~~~~~~~~~~~~~~~~
# |          11:  %4 = cir.const #cir.int<97> : !s8i loc(#loc8) 
# | check:16     ~~~~~~~~~~~~~~~~~~~~~~~~~~~~~~~~~~~~~~~~~~~~~~~
# |           .
# |           .
# |           .
# | >>>>>>
# `-----------------------------
# error: command failed with exit status: 1

--

********************
Testing:  0.
FAIL: Clang :: CIR/CodeGen/statement-exprs.c (20 of 258)
******************** TEST 'Clang :: CIR/CodeGen/statement-exprs.c' FAILED ********************
Exit Code: 1

Command Output (stdout):
--
# RUN: at line 1
/Users/revofusion/Projects/llvm/build/bin/clang -cc1 -internal-isystem /Users/revofusion/Projects/llvm/build/lib/clang/22/include -nostdsysteminc -triple x86_64-unknown-linux-gnu -fclangir -emit-cir /Users/revofusion/Projects/llvm/clang/test/CIR/CodeGen/statement-exprs.c -o /Users/revofusion/Projects/llvm/build/tools/clang/test/CIR/CodeGen/Output/statement-exprs.c.tmp.cir
# executed command: /Users/revofusion/Projects/llvm/build/bin/clang -cc1 -internal-isystem /Users/revofusion/Projects/llvm/build/lib/clang/22/include -nostdsysteminc -triple x86_64-unknown-linux-gnu -fclangir -emit-cir /Users/revofusion/Projects/llvm/clang/test/CIR/CodeGen/statement-exprs.c -o /Users/revofusion/Projects/llvm/build/tools/clang/test/CIR/CodeGen/Output/statement-exprs.c.tmp.cir
# .---command stderr------------
# | /Users/revofusion/Projects/llvm/clang/test/CIR/CodeGen/statement-exprs.c:9:13: warning: expression result unused [-Wunused-value]
# |     9 |   return ({ 3;;4; });
# |       |             ^
# | /Users/revofusion/Projects/llvm/clang/test/CIR/CodeGen/statement-exprs.c:47:13: warning: expression result unused [-Wunused-value]
# |    47 |   return ({ 3;;4;; });
# |       |             ^
# | /Users/revofusion/Projects/llvm/clang/test/CIR/CodeGen/statement-exprs.c:47:16: warning: expression result unused [-Wunused-value]
# |    47 |   return ({ 3;;4;; });
# |       |                ^
# | /Users/revofusion/Projects/llvm/clang/test/CIR/CodeGen/statement-exprs.c:57:5: warning: expression result unused [-Wunused-value]
# |    57 |   ({123;});
# |       |     ^~~
# | /Users/revofusion/Projects/llvm/clang/test/CIR/CodeGen/statement-exprs.c:60:34: warning: expression result unused [-Wunused-value]
# |    60 |     return ({ ({ int asdf = 123; asdf; }); ({9999;}); });
# |       |                                  ^~~~
# | /Users/revofusion/Projects/llvm/clang/test/CIR/CodeGen/statement-exprs.c:193:29: warning: expression result unused [-Wunused-value]
# |   193 | void test2() { ({int x = 3; x; }); }
# |       |                             ^
# | /Users/revofusion/Projects/llvm/clang/test/CIR/CodeGen/statement-exprs.c:279:25: warning: unknown attribute 'gsl::suppress' ignored [-Wunknown-attributes]
# |   279 | void test4(int x) { ({[[gsl::suppress("foo")]] x;}); }
# |       |                         ^~~~~~~~~~~~~
# | /Users/revofusion/Projects/llvm/clang/test/CIR/CodeGen/statement-exprs.c:279:48: warning: expression result unused [-Wunused-value]
# |   279 | void test4(int x) { ({[[gsl::suppress("foo")]] x;}); }
# |       |                                                ^
# | 8 warnings generated.
# `-----------------------------
# RUN: at line 2
/Users/revofusion/Projects/llvm/build/bin/FileCheck --input-file=/Users/revofusion/Projects/llvm/build/tools/clang/test/CIR/CodeGen/Output/statement-exprs.c.tmp.cir /Users/revofusion/Projects/llvm/clang/test/CIR/CodeGen/statement-exprs.c --check-prefix=CIR
# executed command: /Users/revofusion/Projects/llvm/build/bin/FileCheck --input-file=/Users/revofusion/Projects/llvm/build/tools/clang/test/CIR/CodeGen/Output/statement-exprs.c.tmp.cir /Users/revofusion/Projects/llvm/clang/test/CIR/CodeGen/statement-exprs.c --check-prefix=CIR
# .---command stderr------------
# | /Users/revofusion/Projects/llvm/clang/test/CIR/CodeGen/statement-exprs.c:236:9: error: CIR: expected string not found in input
# | // CIR: %[[CONST:.*]] = cir.const #cir.const_record<{#cir.int<1> : !s32i}> : !rec_S
# |         ^
# | /Users/revofusion/Projects/llvm/build/tools/clang/test/CIR/CodeGen/Output/statement-exprs.c.tmp.cir:86:56: note: scanning from here
# |  %10 = cir.alloca !rec_S, !cir.ptr<!rec_S>, ["s", init] {alignment = 4 : i64} loc(#loc113)
# |                                                        ^
# | /Users/revofusion/Projects/llvm/build/tools/clang/test/CIR/CodeGen/Output/statement-exprs.c.tmp.cir:88:2: note: possible intended match here
# |  %12 = cir.const #cir.int<1> : !s32i loc(#loc70)
# |  ^
# | 
# | Input file: /Users/revofusion/Projects/llvm/build/tools/clang/test/CIR/CodeGen/Output/statement-exprs.c.tmp.cir
# | Check file: /Users/revofusion/Projects/llvm/clang/test/CIR/CodeGen/statement-exprs.c
# | 
# | -dump-input=help explains the following input dump.
# | 
# | Input was:
# | <<<<<<
# |              .
# |              .
# |              .
# |             81:  %4 = cir.alloca !s32i, !cir.ptr<!s32i>, ["__retval"] {alignment = 4 : i64} loc(#loc61) 
# |             82:  cir.scope { 
# |             83:  %6 = cir.alloca !rec_S, !cir.ptr<!rec_S>, ["ref.tmp0"] {alignment = 4 : i64} loc(#loc111) 
# |             84:  %7 = cir.alloca !rec_S, !cir.ptr<!rec_S>, ["tmp"] {alignment = 4 : i64} loc(#loc111) 
# |             85:  cir.scope { 
# |             86:  %10 = cir.alloca !rec_S, !cir.ptr<!rec_S>, ["s", init] {alignment = 4 : i64} loc(#loc113) 
# | check:236'0                                                            X~~~~~~~~~~~~~~~~~~~~~~~~~~~~~~~~~~~ error: no match found
# |             87:  %11 = cir.get_member %10[0] {name = "x"} : !cir.ptr<!rec_S> -> !cir.ptr<!s32i> loc(#loc69) 
# | check:236'0     ~~~~~~~~~~~~~~~~~~~~~~~~~~~~~~~~~~~~~~~~~~~~~~~~~~~~~~~~~~~~~~~~~~~~~~~~~~~~~~~~~~~~~~~~~~~~
# |             88:  %12 = cir.const #cir.int<1> : !s32i loc(#loc70) 
# | check:236'0     ~~~~~~~~~~~~~~~~~~~~~~~~~~~~~~~~~~~~~~~~~~~~~~~~~
# | check:236'1      ?                                                possible intended match
# |             89:  cir.store align(4) %12, %11 : !s32i, !cir.ptr<!s32i> loc(#loc70) 
# | check:236'0     ~~~~~~~~~~~~~~~~~~~~~~~~~~~~~~~~~~~~~~~~~~~~~~~~~~~~~~~~~~~~~~~~~~
# |             90:  cir.copy %10 to %6 : !cir.ptr<!rec_S> loc(#loc111) 
# | check:236'0     ~~~~~~~~~~~~~~~~~~~~~~~~~~~~~~~~~~~~~~~~~~~~~~~~~~~~
# |             91:  } loc(#loc112) 
# | check:236'0     ~~~~~~~~~~~~~~~~
# |             92:  %8 = cir.get_member %6[0] {name = "x"} : !cir.ptr<!rec_S> -> !cir.ptr<!s32i> loc(#loc69) 
# | check:236'0     ~~~~~~~~~~~~~~~~~~~~~~~~~~~~~~~~~~~~~~~~~~~~~~~~~~~~~~~~~~~~~~~~~~~~~~~~~~~~~~~~~~~~~~~~~~
# |             93:  %9 = cir.load align(4) %8 : !cir.ptr<!s32i>, !s32i loc(#loc63) 
# | check:236'0     ~~~~~~~~~~~~~~~~~~~~~~~~~~~~~~~~~~~~~~~~~~~~~~~~~~~~~~~~~~~~~~~~
# |              .
# |              .
# |              .
# | >>>>>>
# `-----------------------------
# error: command failed with exit status: 1

--

********************
Testing:  0.
FAIL: Clang :: CIR/CodeGen/ctor-alias.cpp (21 of 258)
******************** TEST 'Clang :: CIR/CodeGen/ctor-alias.cpp' FAILED ********************
Exit Code: 1

Command Output (stdout):
--
# RUN: at line 1
/Users/revofusion/Projects/llvm/build/bin/clang -cc1 -internal-isystem /Users/revofusion/Projects/llvm/build/lib/clang/22/include -nostdsysteminc -std=c++17 -triple x86_64-unknown-linux-gnu -mconstructor-aliases -fclangir -emit-cir /Users/revofusion/Projects/llvm/clang/test/CIR/CodeGen/ctor-alias.cpp -o /Users/revofusion/Projects/llvm/build/tools/clang/test/CIR/CodeGen/Output/ctor-alias.cpp.tmp.cir
# executed command: /Users/revofusion/Projects/llvm/build/bin/clang -cc1 -internal-isystem /Users/revofusion/Projects/llvm/build/lib/clang/22/include -nostdsysteminc -std=c++17 -triple x86_64-unknown-linux-gnu -mconstructor-aliases -fclangir -emit-cir /Users/revofusion/Projects/llvm/clang/test/CIR/CodeGen/ctor-alias.cpp -o /Users/revofusion/Projects/llvm/build/tools/clang/test/CIR/CodeGen/Output/ctor-alias.cpp.tmp.cir
# RUN: at line 2
/Users/revofusion/Projects/llvm/build/bin/FileCheck --input-file=/Users/revofusion/Projects/llvm/build/tools/clang/test/CIR/CodeGen/Output/ctor-alias.cpp.tmp.cir /Users/revofusion/Projects/llvm/clang/test/CIR/CodeGen/ctor-alias.cpp
# executed command: /Users/revofusion/Projects/llvm/build/bin/FileCheck --input-file=/Users/revofusion/Projects/llvm/build/tools/clang/test/CIR/CodeGen/Output/ctor-alias.cpp.tmp.cir /Users/revofusion/Projects/llvm/clang/test/CIR/CodeGen/ctor-alias.cpp
# .---command stderr------------
# | /Users/revofusion/Projects/llvm/clang/test/CIR/CodeGen/ctor-alias.cpp:18:11: error: CHECK: expected string not found in input
# | // CHECK: cir.func{{.*}} @_ZN1BC2Ev(%arg0: !cir.ptr<!rec_B>
# |           ^
# | /Users/revofusion/Projects/llvm/build/tools/clang/test/CIR/CodeGen/Output/ctor-alias.cpp.tmp.cir:1:1: note: scanning from here
# | !u8i = !cir.int<u, 8>
# | ^
# | /Users/revofusion/Projects/llvm/build/tools/clang/test/CIR/CodeGen/Output/ctor-alias.cpp.tmp.cir:7:17: note: possible intended match here
# |  cir.func no_inline dso_local @_ZN1BC2Ev(%arg1: !cir.ptr<!rec_B> loc("/Users/revofusion/Projects/llvm/clang/test/CIR/CodeGen/ctor-alias.cpp":11:4)) special_member<#cir.cxx_ctor<!rec_B, default>> {
# |                 ^
# | 
# | Input file: /Users/revofusion/Projects/llvm/build/tools/clang/test/CIR/CodeGen/Output/ctor-alias.cpp.tmp.cir
# | Check file: /Users/revofusion/Projects/llvm/clang/test/CIR/CodeGen/ctor-alias.cpp
# | 
# | -dump-input=help explains the following input dump.
# | 
# | Input was:
# | <<<<<<
# |             1: !u8i = !cir.int<u, 8> 
# | check:18'0     X~~~~~~~~~~~~~~~~~~~~~ error: no match found
# |             2: #loc3 = loc("/Users/revofusion/Projects/llvm/clang/test/CIR/CodeGen/ctor-alias.cpp":11:4) 
# | check:18'0     ~~~~~~~~~~~~~~~~~~~~~~~~~~~~~~~~~~~~~~~~~~~~~~~~~~~~~~~~~~~~~~~~~~~~~~~~~~~~~~~~~~~~~~~~~~
# |             3: #loc9 = loc("/Users/revofusion/Projects/llvm/clang/test/CIR/CodeGen/ctor-alias.cpp":56:3) 
# | check:18'0     ~~~~~~~~~~~~~~~~~~~~~~~~~~~~~~~~~~~~~~~~~~~~~~~~~~~~~~~~~~~~~~~~~~~~~~~~~~~~~~~~~~~~~~~~~~
# |             4: !rec_B = !cir.record<struct "B" padded {!u8i}> 
# | check:18'0     ~~~~~~~~~~~~~~~~~~~~~~~~~~~~~~~~~~~~~~~~~~~~~~~
# |             5: !rec_Struk = !cir.record<struct "Struk" padded {!u8i}> 
# | check:18'0     ~~~~~~~~~~~~~~~~~~~~~~~~~~~~~~~~~~~~~~~~~~~~~~~~~~~~~~~
# |             6: module @"/Users/revofusion/Projects/llvm/clang/test/CIR/CodeGen/ctor-alias.cpp" attributes {cir.lang = #cir.lang<cxx>, cir.module_asm = [], cir.triple = "x86_64-unknown-linux-gnu", dlti.dl_spec = #dlti.dl_spec<!llvm.ptr<270> = dense<32> : vector<4xi64>, !llvm.ptr<271> = dense<32> : vector<4xi64>, !llvm.ptr<272> = dense<64> : vector<4xi64>, i64 = dense<64> : vector<2xi64>, i128 = dense<128> : vector<2xi64>, f80 = dense<128> : vector<2xi64>, !llvm.ptr = dense<64> : vector<4xi64>, i1 = dense<8> : vector<2xi64>, i8 = dense<8> : vector<2xi64>, i16 = dense<16> : vector<2xi64>, i32 = dense<32> : vector<2xi64>, f16 = dense<16> : vector<2xi64>, f64 = dense<64> : vector<2xi64>, f128 = dense<128> : vector<2xi64>, "dlti.endianness" = "little", "dlti.mangling_mode" = "e", "dlti.legal_int_widths" = array<i32: 8, 16, 32, 64>, "dlti.stack_alignment" = 128 : i64>} { 
# | check:18'0     ~~~~~~~~~~~~~~~~~~~~~~~~~~~~~~~~~~~~~~~~~~~~~~~~~~~~~~~~~~~~~~~~~~~~~~~~~~~~~~~~~~~~~~~~~~~~~~~~~~~~~~~~~~~~~~~~~~~~~~~~~~~~~~~~~~~~~~~~~~~~~~~~~~~~~~~~~~~~~~~~~~~~~~~~~~~~~~~~~~~~~~~~~~~~~~~~~~~~~~~~~~~~~~~~~~~~~~~~~~~~~~~~~~~~~~~~~~~~~~~~~~~~~~~~~~~~~~~~~~~~~~~~~~~~~~~~~~~~~~~~~~~~~~~~~~~~~~~~~~~~~~~~~~~~~~~~~~~~~~~~~~~~~~~~~~~~~~~~~~~~~~~~~~~~~~~~~~~~~~~~~~~~~~~~~~~~~~~~~~~~~~~~~~~~~~~~~~~~~~~~~~~~~~~~~~~~~~~~~~~~~~~~~~~~~~~~~~~~~~~~~~~~~~~~~~~~~~~~~~~~~~~~~~~~~~~~~~~~~~~~~~~~~~~~~~~~~~~~~~~~~~~~~~~~~~~~~~~~~~~~~~~~~~~~~~~~~~~~~~~~~~~~~~~~~~~~~~~~~~~~~~~~~~~~~~~~~~~~~~~~~~~~~~~~~~~~~~~~~~~~~~~~~~~~~~~~~~~~~~~~~~~~~~~~~~~~~~~~~~~~~~~~~~~~~~~~~~~~~~~~~~~~~~~~~~~~~~~~~~~~~~~~~~~~~~~~~~~~~~~~~~~~~~~~~~~~~~~~~~~~~~~~~~~~~~~~~~~~~~~~~~~~~~~~~~~~~~~~~~~~~~~~~~~~~~~~~~~~~~~~~~~~~~~~~~~~~~~~~~~~~~~~~~~~~~~~~~~~~~~~~~~~~~~~~~~~~~~~~~~~~~~~~~~~~~~~~~~~~~~~~~
# |             7:  cir.func no_inline dso_local @_ZN1BC2Ev(%arg1: !cir.ptr<!rec_B> loc("/Users/revofusion/Projects/llvm/clang/test/CIR/CodeGen/ctor-alias.cpp":11:4)) special_member<#cir.cxx_ctor<!rec_B, default>> { 
# | check:18'0     ~~~~~~~~~~~~~~~~~~~~~~~~~~~~~~~~~~~~~~~~~~~~~~~~~~~~~~~~~~~~~~~~~~~~~~~~~~~~~~~~~~~~~~~~~~~~~~~~~~~~~~~~~~~~~~~~~~~~~~~~~~~~~~~~~~~~~~~~~~~~~~~~~~~~~~~~~~~~~~~~~~~~~~~~~~~~~~~~~~~~~~~~~~~~~~~~~~~~~
# | check:18'1                     ?                                                                                                                                                                                     possible intended match
# |             8:  %4 = cir.alloca !cir.ptr<!rec_B>, !cir.ptr<!cir.ptr<!rec_B>>, ["this", init] {alignment = 8 : i64} loc(#loc3) 
# | check:18'0     ~~~~~~~~~~~~~~~~~~~~~~~~~~~~~~~~~~~~~~~~~~~~~~~~~~~~~~~~~~~~~~~~~~~~~~~~~~~~~~~~~~~~~~~~~~~~~~~~~~~~~~~~~~~~~~~
# |             9:  cir.store %arg1, %4 : !cir.ptr<!rec_B>, !cir.ptr<!cir.ptr<!rec_B>> loc(#loc4) 
# | check:18'0     ~~~~~~~~~~~~~~~~~~~~~~~~~~~~~~~~~~~~~~~~~~~~~~~~~~~~~~~~~~~~~~~~~~~~~~~~~~~~~~~
# |            10:  %5 = cir.load %4 : !cir.ptr<!cir.ptr<!rec_B>>, !cir.ptr<!rec_B> loc(#loc3) 
# | check:18'0     ~~~~~~~~~~~~~~~~~~~~~~~~~~~~~~~~~~~~~~~~~~~~~~~~~~~~~~~~~~~~~~~~~~~~~~~~~~~~
# |            11:  cir.return loc(#loc2) 
# | check:18'0     ~~~~~~~~~~~~~~~~~~~~~~~
# |            12:  } loc(#loc16) 
# | check:18'0     ~~~~~~~~~~~~~~~
# |             .
# |             .
# |             .
# | >>>>>>
# `-----------------------------
# error: command failed with exit status: 1

--

********************
Testing:  0.
FAIL: Clang :: CIR/CodeGen/pointer-to-member-func.cpp (22 of 258)
******************** TEST 'Clang :: CIR/CodeGen/pointer-to-member-func.cpp' FAILED ********************
Exit Code: 1

Command Output (stdout):
--
# RUN: at line 1
/Users/revofusion/Projects/llvm/build/bin/clang -cc1 -internal-isystem /Users/revofusion/Projects/llvm/build/lib/clang/22/include -nostdsysteminc -triple x86_64-unknown-linux-gnu -std=c++17 -fclangir -emit-cir -mmlir -mlir-print-ir-before=cir-cxxabi-lowering /Users/revofusion/Projects/llvm/clang/test/CIR/CodeGen/pointer-to-member-func.cpp -o /Users/revofusion/Projects/llvm/build/tools/clang/test/CIR/CodeGen/Output/pointer-to-member-func.cpp.tmp.cir 2> /Users/revofusion/Projects/llvm/build/tools/clang/test/CIR/CodeGen/Output/pointer-to-member-func.cpp.tmp-before.cir
# executed command: /Users/revofusion/Projects/llvm/build/bin/clang -cc1 -internal-isystem /Users/revofusion/Projects/llvm/build/lib/clang/22/include -nostdsysteminc -triple x86_64-unknown-linux-gnu -std=c++17 -fclangir -emit-cir -mmlir -mlir-print-ir-before=cir-cxxabi-lowering /Users/revofusion/Projects/llvm/clang/test/CIR/CodeGen/pointer-to-member-func.cpp -o /Users/revofusion/Projects/llvm/build/tools/clang/test/CIR/CodeGen/Output/pointer-to-member-func.cpp.tmp.cir
# RUN: at line 2
/Users/revofusion/Projects/llvm/build/bin/FileCheck --check-prefix=CIR-BEFORE --input-file=/Users/revofusion/Projects/llvm/build/tools/clang/test/CIR/CodeGen/Output/pointer-to-member-func.cpp.tmp-before.cir /Users/revofusion/Projects/llvm/clang/test/CIR/CodeGen/pointer-to-member-func.cpp
# executed command: /Users/revofusion/Projects/llvm/build/bin/FileCheck --check-prefix=CIR-BEFORE --input-file=/Users/revofusion/Projects/llvm/build/tools/clang/test/CIR/CodeGen/Output/pointer-to-member-func.cpp.tmp-before.cir /Users/revofusion/Projects/llvm/clang/test/CIR/CodeGen/pointer-to-member-func.cpp
# RUN: at line 3
/Users/revofusion/Projects/llvm/build/bin/FileCheck --check-prefix=CIR-AFTER --input-file=/Users/revofusion/Projects/llvm/build/tools/clang/test/CIR/CodeGen/Output/pointer-to-member-func.cpp.tmp.cir /Users/revofusion/Projects/llvm/clang/test/CIR/CodeGen/pointer-to-member-func.cpp
# executed command: /Users/revofusion/Projects/llvm/build/bin/FileCheck --check-prefix=CIR-AFTER --input-file=/Users/revofusion/Projects/llvm/build/tools/clang/test/CIR/CodeGen/Output/pointer-to-member-func.cpp.tmp.cir /Users/revofusion/Projects/llvm/clang/test/CIR/CodeGen/pointer-to-member-func.cpp
# .---command stderr------------
# | /Users/revofusion/Projects/llvm/clang/test/CIR/CodeGen/pointer-to-member-func.cpp:21:15: error: CIR-AFTER: expected string not found in input
# | // CIR-AFTER: !rec_anon_struct = !cir.record<struct {!s64i, !s64i}>
# |               ^
# | /Users/revofusion/Projects/llvm/build/tools/clang/test/CIR/CodeGen/Output/pointer-to-member-func.cpp.tmp.cir:1:1: note: scanning from here
# | !s32i = !cir.int<s, 32>
# | ^
# | /Users/revofusion/Projects/llvm/build/tools/clang/test/CIR/CodeGen/Output/pointer-to-member-func.cpp.tmp.cir:6:1: note: possible intended match here
# | !rec_anon_struct = !cir.record<struct {!cir.ptr<!cir.func<(!s32i)>>, !s64i}>
# | ^
# | 
# | Input file: /Users/revofusion/Projects/llvm/build/tools/clang/test/CIR/CodeGen/Output/pointer-to-member-func.cpp.tmp.cir
# | Check file: /Users/revofusion/Projects/llvm/clang/test/CIR/CodeGen/pointer-to-member-func.cpp
# | 
# | -dump-input=help explains the following input dump.
# | 
# | Input was:
# | <<<<<<
# |             1: !s32i = !cir.int<s, 32> 
# | check:21'0     X~~~~~~~~~~~~~~~~~~~~~~~ error: no match found
# |             2: !s64i = !cir.int<s, 64> 
# | check:21'0     ~~~~~~~~~~~~~~~~~~~~~~~~
# |             3: #loc3 = loc("/Users/revofusion/Projects/llvm/clang/test/CIR/CodeGen/pointer-to-member-func.cpp":15:36) 
# | check:21'0     ~~~~~~~~~~~~~~~~~~~~~~~~~~~~~~~~~~~~~~~~~~~~~~~~~~~~~~~~~~~~~~~~~~~~~~~~~~~~~~~~~~~~~~~~~~~~~~~~~~~~~~~
# |             4: #loc4 = loc("/Users/revofusion/Projects/llvm/clang/test/CIR/CodeGen/pointer-to-member-func.cpp":15:57) 
# | check:21'0     ~~~~~~~~~~~~~~~~~~~~~~~~~~~~~~~~~~~~~~~~~~~~~~~~~~~~~~~~~~~~~~~~~~~~~~~~~~~~~~~~~~~~~~~~~~~~~~~~~~~~~~~
# |             5: #loc7 = loc(fused[#loc3, #loc4]) 
# | check:21'0     ~~~~~~~~~~~~~~~~~~~~~~~~~~~~~~~~~
# |             6: !rec_anon_struct = !cir.record<struct {!cir.ptr<!cir.func<(!s32i)>>, !s64i}> 
# | check:21'0     ~~~~~~~~~~~~~~~~~~~~~~~~~~~~~~~~~~~~~~~~~~~~~~~~~~~~~~~~~~~~~~~~~~~~~~~~~~~~~
# | check:21'1     ?                                                                             possible intended match
# |             7: module @"/Users/revofusion/Projects/llvm/clang/test/CIR/CodeGen/pointer-to-member-func.cpp" attributes {cir.lang = #cir.lang<cxx>, cir.module_asm = [], cir.triple = "x86_64-unknown-linux-gnu", dlti.dl_spec = #dlti.dl_spec<!llvm.ptr<270> = dense<32> : vector<4xi64>, !llvm.ptr<271> = dense<32> : vector<4xi64>, !llvm.ptr<272> = dense<64> : vector<4xi64>, i64 = dense<64> : vector<2xi64>, i128 = dense<128> : vector<2xi64>, f80 = dense<128> : vector<2xi64>, !llvm.ptr = dense<64> : vector<4xi64>, i1 = dense<8> : vector<2xi64>, i8 = dense<8> : vector<2xi64>, i16 = dense<16> : vector<2xi64>, i32 = dense<32> : vector<2xi64>, f16 = dense<16> : vector<2xi64>, f64 = dense<64> : vector<2xi64>, f128 = dense<128> : vector<2xi64>, "dlti.endianness" = "little", "dlti.mangling_mode" = "e", "dlti.legal_int_widths" = array<i32: 8, 16, 32, 64>, "dlti.stack_alignment" = 128 : i64>} { 
# | check:21'0     ~~~~~~~~~~~~~~~~~~~~~~~~~~~~~~~~~~~~~~~~~~~~~~~~~~~~~~~~~~~~~~~~~~~~~~~~~~~~~~~~~~~~~~~~~~~~~~~~~~~~~~~~~~~~~~~~~~~~~~~~~~~~~~~~~~~~~~~~~~~~~~~~~~~~~~~~~~~~~~~~~~~~~~~~~~~~~~~~~~~~~~~~~~~~~~~~~~~~~~~~~~~~~~~~~~~~~~~~~~~~~~~~~~~~~~~~~~~~~~~~~~~~~~~~~~~~~~~~~~~~~~~~~~~~~~~~~~~~~~~~~~~~~~~~~~~~~~~~~~~~~~~~~~~~~~~~~~~~~~~~~~~~~~~~~~~~~~~~~~~~~~~~~~~~~~~~~~~~~~~~~~~~~~~~~~~~~~~~~~~~~~~~~~~~~~~~~~~~~~~~~~~~~~~~~~~~~~~~~~~~~~~~~~~~~~~~~~~~~~~~~~~~~~~~~~~~~~~~~~~~~~~~~~~~~~~~~~~~~~~~~~~~~~~~~~~~~~~~~~~~~~~~~~~~~~~~~~~~~~~~~~~~~~~~~~~~~~~~~~~~~~~~~~~~~~~~~~~~~~~~~~~~~~~~~~~~~~~~~~~~~~~~~~~~~~~~~~~~~~~~~~~~~~~~~~~~~~~~~~~~~~~~~~~~~~~~~~~~~~~~~~~~~~~~~~~~~~~~~~~~~~~~~~~~~~~~~~~~~~~~~~~~~~~~~~~~~~~~~~~~~~~~~~~~~~~~~~~~~~~~~~~~~~~~~~~~~~~~~~~~~~~~~~~~~~~~~~~~~~~~~~~~~~~~~~~~~~~~~~~~~~~~~~~~~~~~~~~~~~~~~~~~~~~~~~~~~~~~~~~~~~~~~~~~~~~~~~~~~~~~~~~~~~~~~~~~~~~~~~~~~~~~~~~~~~~~~~
# |             8:  cir.func no_inline dso_local @_Z29unused_pointer_to_member_funcM3FooFviE(%arg0: !rec_anon_struct loc(fused[#loc3, #loc4])) { 
# | check:21'0     ~~~~~~~~~~~~~~~~~~~~~~~~~~~~~~~~~~~~~~~~~~~~~~~~~~~~~~~~~~~~~~~~~~~~~~~~~~~~~~~~~~~~~~~~~~~~~~~~~~~~~~~~~~~~~~~~~~~~~~~~~~~~~~
# |             9:  %0 = cir.alloca !rec_anon_struct, !cir.ptr<!rec_anon_struct>, ["func", init] {alignment = 8 : i64} loc(#loc7) 
# | check:21'0     ~~~~~~~~~~~~~~~~~~~~~~~~~~~~~~~~~~~~~~~~~~~~~~~~~~~~~~~~~~~~~~~~~~~~~~~~~~~~~~~~~~~~~~~~~~~~~~~~~~~~~~~~~~~~~~~
# |            10:  cir.store %arg0, %0 : !rec_anon_struct, !cir.ptr<!rec_anon_struct> loc(#loc5) 
# | check:21'0     ~~~~~~~~~~~~~~~~~~~~~~~~~~~~~~~~~~~~~~~~~~~~~~~~~~~~~~~~~~~~~~~~~~~~~~~~~~~~~~~
# |            11:  cir.return loc(#loc2) 
# | check:21'0     ~~~~~~~~~~~~~~~~~~~~~~~
# |             .
# |             .
# |             .
# | >>>>>>
# `-----------------------------
# error: command failed with exit status: 1

--

********************
Testing:  0.
FAIL: Clang :: CIR/CodeGen/dtor-alias.cpp (23 of 258)
******************** TEST 'Clang :: CIR/CodeGen/dtor-alias.cpp' FAILED ********************
Exit Code: 1

Command Output (stdout):
--
# RUN: at line 1
/Users/revofusion/Projects/llvm/build/bin/clang -cc1 -internal-isystem /Users/revofusion/Projects/llvm/build/lib/clang/22/include -nostdsysteminc -std=c++17 -triple x86_64-unknown-linux-gnu -mconstructor-aliases -fclangir -emit-cir /Users/revofusion/Projects/llvm/clang/test/CIR/CodeGen/dtor-alias.cpp -o /Users/revofusion/Projects/llvm/build/tools/clang/test/CIR/CodeGen/Output/dtor-alias.cpp.tmp.cir
# executed command: /Users/revofusion/Projects/llvm/build/bin/clang -cc1 -internal-isystem /Users/revofusion/Projects/llvm/build/lib/clang/22/include -nostdsysteminc -std=c++17 -triple x86_64-unknown-linux-gnu -mconstructor-aliases -fclangir -emit-cir /Users/revofusion/Projects/llvm/clang/test/CIR/CodeGen/dtor-alias.cpp -o /Users/revofusion/Projects/llvm/build/tools/clang/test/CIR/CodeGen/Output/dtor-alias.cpp.tmp.cir
# RUN: at line 2
/Users/revofusion/Projects/llvm/build/bin/FileCheck --input-file=/Users/revofusion/Projects/llvm/build/tools/clang/test/CIR/CodeGen/Output/dtor-alias.cpp.tmp.cir /Users/revofusion/Projects/llvm/clang/test/CIR/CodeGen/dtor-alias.cpp
# executed command: /Users/revofusion/Projects/llvm/build/bin/FileCheck --input-file=/Users/revofusion/Projects/llvm/build/tools/clang/test/CIR/CodeGen/Output/dtor-alias.cpp.tmp.cir /Users/revofusion/Projects/llvm/clang/test/CIR/CodeGen/dtor-alias.cpp
# .---command stderr------------
# | /Users/revofusion/Projects/llvm/clang/test/CIR/CodeGen/dtor-alias.cpp:18:11: error: CHECK: expected string not found in input
# | // CHECK: cir.func{{.*}} @_ZN1BD2Ev(%arg0: !cir.ptr<!rec_B>
# |           ^
# | /Users/revofusion/Projects/llvm/build/tools/clang/test/CIR/CodeGen/Output/dtor-alias.cpp.tmp.cir:1:1: note: scanning from here
# | !u8i = !cir.int<u, 8>
# | ^
# | /Users/revofusion/Projects/llvm/build/tools/clang/test/CIR/CodeGen/Output/dtor-alias.cpp.tmp.cir:7:17: note: possible intended match here
# |  cir.func no_inline dso_local @_ZN1BD2Ev(%arg1: !cir.ptr<!rec_B> loc("/Users/revofusion/Projects/llvm/clang/test/CIR/CodeGen/dtor-alias.cpp":11:4)) special_member<#cir.cxx_dtor<!rec_B>> {
# |                 ^
# | 
# | Input file: /Users/revofusion/Projects/llvm/build/tools/clang/test/CIR/CodeGen/Output/dtor-alias.cpp.tmp.cir
# | Check file: /Users/revofusion/Projects/llvm/clang/test/CIR/CodeGen/dtor-alias.cpp
# | 
# | -dump-input=help explains the following input dump.
# | 
# | Input was:
# | <<<<<<
# |             1: !u8i = !cir.int<u, 8> 
# | check:18'0     X~~~~~~~~~~~~~~~~~~~~~ error: no match found
# |             2: #loc3 = loc("/Users/revofusion/Projects/llvm/clang/test/CIR/CodeGen/dtor-alias.cpp":11:4) 
# | check:18'0     ~~~~~~~~~~~~~~~~~~~~~~~~~~~~~~~~~~~~~~~~~~~~~~~~~~~~~~~~~~~~~~~~~~~~~~~~~~~~~~~~~~~~~~~~~~
# |             3: #loc5 = loc("/Users/revofusion/Projects/llvm/clang/test/CIR/CodeGen/dtor-alias.cpp":37:3) 
# | check:18'0     ~~~~~~~~~~~~~~~~~~~~~~~~~~~~~~~~~~~~~~~~~~~~~~~~~~~~~~~~~~~~~~~~~~~~~~~~~~~~~~~~~~~~~~~~~~
# |             4: !rec_B = !cir.record<struct "B" padded {!u8i}> 
# | check:18'0     ~~~~~~~~~~~~~~~~~~~~~~~~~~~~~~~~~~~~~~~~~~~~~~~
# |             5: !rec_Struk = !cir.record<struct "Struk" padded {!u8i}> 
# | check:18'0     ~~~~~~~~~~~~~~~~~~~~~~~~~~~~~~~~~~~~~~~~~~~~~~~~~~~~~~~
# |             6: module @"/Users/revofusion/Projects/llvm/clang/test/CIR/CodeGen/dtor-alias.cpp" attributes {cir.lang = #cir.lang<cxx>, cir.module_asm = [], cir.triple = "x86_64-unknown-linux-gnu", dlti.dl_spec = #dlti.dl_spec<!llvm.ptr<270> = dense<32> : vector<4xi64>, !llvm.ptr<271> = dense<32> : vector<4xi64>, !llvm.ptr<272> = dense<64> : vector<4xi64>, i64 = dense<64> : vector<2xi64>, i128 = dense<128> : vector<2xi64>, f80 = dense<128> : vector<2xi64>, !llvm.ptr = dense<64> : vector<4xi64>, i1 = dense<8> : vector<2xi64>, i8 = dense<8> : vector<2xi64>, i16 = dense<16> : vector<2xi64>, i32 = dense<32> : vector<2xi64>, f16 = dense<16> : vector<2xi64>, f64 = dense<64> : vector<2xi64>, f128 = dense<128> : vector<2xi64>, "dlti.endianness" = "little", "dlti.mangling_mode" = "e", "dlti.legal_int_widths" = array<i32: 8, 16, 32, 64>, "dlti.stack_alignment" = 128 : i64>} { 
# | check:18'0     ~~~~~~~~~~~~~~~~~~~~~~~~~~~~~~~~~~~~~~~~~~~~~~~~~~~~~~~~~~~~~~~~~~~~~~~~~~~~~~~~~~~~~~~~~~~~~~~~~~~~~~~~~~~~~~~~~~~~~~~~~~~~~~~~~~~~~~~~~~~~~~~~~~~~~~~~~~~~~~~~~~~~~~~~~~~~~~~~~~~~~~~~~~~~~~~~~~~~~~~~~~~~~~~~~~~~~~~~~~~~~~~~~~~~~~~~~~~~~~~~~~~~~~~~~~~~~~~~~~~~~~~~~~~~~~~~~~~~~~~~~~~~~~~~~~~~~~~~~~~~~~~~~~~~~~~~~~~~~~~~~~~~~~~~~~~~~~~~~~~~~~~~~~~~~~~~~~~~~~~~~~~~~~~~~~~~~~~~~~~~~~~~~~~~~~~~~~~~~~~~~~~~~~~~~~~~~~~~~~~~~~~~~~~~~~~~~~~~~~~~~~~~~~~~~~~~~~~~~~~~~~~~~~~~~~~~~~~~~~~~~~~~~~~~~~~~~~~~~~~~~~~~~~~~~~~~~~~~~~~~~~~~~~~~~~~~~~~~~~~~~~~~~~~~~~~~~~~~~~~~~~~~~~~~~~~~~~~~~~~~~~~~~~~~~~~~~~~~~~~~~~~~~~~~~~~~~~~~~~~~~~~~~~~~~~~~~~~~~~~~~~~~~~~~~~~~~~~~~~~~~~~~~~~~~~~~~~~~~~~~~~~~~~~~~~~~~~~~~~~~~~~~~~~~~~~~~~~~~~~~~~~~~~~~~~~~~~~~~~~~~~~~~~~~~~~~~~~~~~~~~~~~~~~~~~~~~~~~~~~~~~~~~~~~~~~~~~~~~~~~~~~~~~~~~~~~~~~~~~~~~~~~~~~~~~~~~~~~~~~~~~~~~~~~~~~~~~~~~~~~~~
# |             7:  cir.func no_inline dso_local @_ZN1BD2Ev(%arg1: !cir.ptr<!rec_B> loc("/Users/revofusion/Projects/llvm/clang/test/CIR/CodeGen/dtor-alias.cpp":11:4)) special_member<#cir.cxx_dtor<!rec_B>> { 
# | check:18'0     ~~~~~~~~~~~~~~~~~~~~~~~~~~~~~~~~~~~~~~~~~~~~~~~~~~~~~~~~~~~~~~~~~~~~~~~~~~~~~~~~~~~~~~~~~~~~~~~~~~~~~~~~~~~~~~~~~~~~~~~~~~~~~~~~~~~~~~~~~~~~~~~~~~~~~~~~~~~~~~~~~~~~~~~~~~~~~~~~~~~~~~~~~~~~
# | check:18'1                     ?                                                                                                                                                                            possible intended match
# |             8:  %3 = cir.alloca !cir.ptr<!rec_B>, !cir.ptr<!cir.ptr<!rec_B>>, ["this", init] {alignment = 8 : i64} loc(#loc3) 
# | check:18'0     ~~~~~~~~~~~~~~~~~~~~~~~~~~~~~~~~~~~~~~~~~~~~~~~~~~~~~~~~~~~~~~~~~~~~~~~~~~~~~~~~~~~~~~~~~~~~~~~~~~~~~~~~~~~~~~~
# |             9:  cir.store %arg1, %3 : !cir.ptr<!rec_B>, !cir.ptr<!cir.ptr<!rec_B>> loc(#loc4) 
# | check:18'0     ~~~~~~~~~~~~~~~~~~~~~~~~~~~~~~~~~~~~~~~~~~~~~~~~~~~~~~~~~~~~~~~~~~~~~~~~~~~~~~~
# |            10:  %4 = cir.load %3 : !cir.ptr<!cir.ptr<!rec_B>>, !cir.ptr<!rec_B> loc(#loc3) 
# | check:18'0     ~~~~~~~~~~~~~~~~~~~~~~~~~~~~~~~~~~~~~~~~~~~~~~~~~~~~~~~~~~~~~~~~~~~~~~~~~~~~
# |            11:  cir.return loc(#loc2) 
# | check:18'0     ~~~~~~~~~~~~~~~~~~~~~~~
# |            12:  } loc(#loc12) 
# | check:18'0     ~~~~~~~~~~~~~~~
# |             .
# |             .
# |             .
# | >>>>>>
# `-----------------------------
# error: command failed with exit status: 1

--

********************
Testing:  0.
FAIL: Clang :: CIR/CodeGen/empty-union.cpp (24 of 258)
******************** TEST 'Clang :: CIR/CodeGen/empty-union.cpp' FAILED ********************
Exit Code: 1

Command Output (stdout):
--
# RUN: at line 1
/Users/revofusion/Projects/llvm/build/bin/clang -cc1 -internal-isystem /Users/revofusion/Projects/llvm/build/lib/clang/22/include -nostdsysteminc -triple x86_64-unknown-linux-gnu -fclangir -emit-cir /Users/revofusion/Projects/llvm/clang/test/CIR/CodeGen/empty-union.cpp -o - | /Users/revofusion/Projects/llvm/build/bin/FileCheck /Users/revofusion/Projects/llvm/clang/test/CIR/CodeGen/empty-union.cpp --check-prefix=CIR
# executed command: /Users/revofusion/Projects/llvm/build/bin/clang -cc1 -internal-isystem /Users/revofusion/Projects/llvm/build/lib/clang/22/include -nostdsysteminc -triple x86_64-unknown-linux-gnu -fclangir -emit-cir /Users/revofusion/Projects/llvm/clang/test/CIR/CodeGen/empty-union.cpp -o -
# executed command: /Users/revofusion/Projects/llvm/build/bin/FileCheck /Users/revofusion/Projects/llvm/clang/test/CIR/CodeGen/empty-union.cpp --check-prefix=CIR
# RUN: at line 2
/Users/revofusion/Projects/llvm/build/bin/clang -cc1 -internal-isystem /Users/revofusion/Projects/llvm/build/lib/clang/22/include -nostdsysteminc -triple x86_64-unknown-linux-gnu -fclangir -emit-llvm /Users/revofusion/Projects/llvm/clang/test/CIR/CodeGen/empty-union.cpp -o - | /Users/revofusion/Projects/llvm/build/bin/FileCheck /Users/revofusion/Projects/llvm/clang/test/CIR/CodeGen/empty-union.cpp --check-prefix=LLVM
# executed command: /Users/revofusion/Projects/llvm/build/bin/clang -cc1 -internal-isystem /Users/revofusion/Projects/llvm/build/lib/clang/22/include -nostdsysteminc -triple x86_64-unknown-linux-gnu -fclangir -emit-llvm /Users/revofusion/Projects/llvm/clang/test/CIR/CodeGen/empty-union.cpp -o -
# executed command: /Users/revofusion/Projects/llvm/build/bin/FileCheck /Users/revofusion/Projects/llvm/clang/test/CIR/CodeGen/empty-union.cpp --check-prefix=LLVM
# .---command stderr------------
# | /Users/revofusion/Projects/llvm/clang/test/CIR/CodeGen/empty-union.cpp:8:10: error: LLVM: expected string not found in input
# | // LLVM: %union.Empty = type { i8 }
# |          ^
# | <stdin>:1:1: note: scanning from here
# | ; ModuleID = '/Users/revofusion/Projects/llvm/clang/test/CIR/CodeGen/empty-union.cpp'
# | ^
# | <stdin>:6:1: note: possible intended match here
# | %union.Empty = type { i8, i8 }
# | ^
# | 
# | Input file: <stdin>
# | Check file: /Users/revofusion/Projects/llvm/clang/test/CIR/CodeGen/empty-union.cpp
# | 
# | -dump-input=help explains the following input dump.
# | 
# | Input was:
# | <<<<<<
# |            1: ; ModuleID = '/Users/revofusion/Projects/llvm/clang/test/CIR/CodeGen/empty-union.cpp' 
# | check:8'0     X~~~~~~~~~~~~~~~~~~~~~~~~~~~~~~~~~~~~~~~~~~~~~~~~~~~~~~~~~~~~~~~~~~~~~~~~~~~~~~~~~~~~~ error: no match found
# |            2: source_filename = "/Users/revofusion/Projects/llvm/clang/test/CIR/CodeGen/empty-union.cpp" 
# | check:8'0     ~~~~~~~~~~~~~~~~~~~~~~~~~~~~~~~~~~~~~~~~~~~~~~~~~~~~~~~~~~~~~~~~~~~~~~~~~~~~~~~~~~~~~~~~~~~
# |            3: target datalayout = "e-m:e-p270:32:32-p271:32:32-p272:64:64-i64:64-i128:128-f80:128-n8:16:32:64-S128" 
# | check:8'0     ~~~~~~~~~~~~~~~~~~~~~~~~~~~~~~~~~~~~~~~~~~~~~~~~~~~~~~~~~~~~~~~~~~~~~~~~~~~~~~~~~~~~~~~~~~~~~~~~~~~~~~
# |            4: target triple = "x86_64-unknown-linux-gnu" 
# | check:8'0     ~~~~~~~~~~~~~~~~~~~~~~~~~~~~~~~~~~~~~~~~~~~
# |            5:  
# | check:8'0     ~
# |            6: %union.Empty = type { i8, i8 } 
# | check:8'0     ~~~~~~~~~~~~~~~~~~~~~~~~~~~~~~~
# | check:8'1     ?                               possible intended match
# |            7: %union.EmptyAligned = type { [16 x i8], [16 x i8] } 
# | check:8'0     ~~~~~~~~~~~~~~~~~~~~~~~~~~~~~~~~~~~~~~~~~~~~~~~~~~~~
# |            8:  
# | check:8'0     ~
# |            9: ; Function Attrs: noinline 
# | check:8'0     ~~~~~~~~~~~~~~~~~~~~~~~~~~~
# |           10: define dso_local void @_Z8useEmptyv() #0 { 
# | check:8'0     ~~~~~~~~~~~~~~~~~~~~~~~~~~~~~~~~~~~~~~~~~~~
# |           11:  %1 = alloca %union.Empty, i64 1, align 1 
# | check:8'0     ~~~~~~~~~~~~~~~~~~~~~~~~~~~~~~~~~~~~~~~~~~
# |            .
# |            .
# |            .
# | >>>>>>
# `-----------------------------
# error: command failed with exit status: 1

--

********************
Testing:  0.
FAIL: Clang :: CIR/CodeGen/basic.c (25 of 258)
******************** TEST 'Clang :: CIR/CodeGen/basic.c' FAILED ********************
Exit Code: 1

Command Output (stdout):
--
# RUN: at line 1
/Users/revofusion/Projects/llvm/build/bin/clang -cc1 -internal-isystem /Users/revofusion/Projects/llvm/build/lib/clang/22/include -nostdsysteminc -triple x86_64-unknown-linux-gnu -Wno-unused-value -fclangir -emit-cir /Users/revofusion/Projects/llvm/clang/test/CIR/CodeGen/basic.c -o /Users/revofusion/Projects/llvm/build/tools/clang/test/CIR/CodeGen/Output/basic.c.tmp.cir
# executed command: /Users/revofusion/Projects/llvm/build/bin/clang -cc1 -internal-isystem /Users/revofusion/Projects/llvm/build/lib/clang/22/include -nostdsysteminc -triple x86_64-unknown-linux-gnu -Wno-unused-value -fclangir -emit-cir /Users/revofusion/Projects/llvm/clang/test/CIR/CodeGen/basic.c -o /Users/revofusion/Projects/llvm/build/tools/clang/test/CIR/CodeGen/Output/basic.c.tmp.cir
# RUN: at line 2
/Users/revofusion/Projects/llvm/build/bin/FileCheck --input-file=/Users/revofusion/Projects/llvm/build/tools/clang/test/CIR/CodeGen/Output/basic.c.tmp.cir /Users/revofusion/Projects/llvm/clang/test/CIR/CodeGen/basic.c -check-prefix=CIR
# executed command: /Users/revofusion/Projects/llvm/build/bin/FileCheck --input-file=/Users/revofusion/Projects/llvm/build/tools/clang/test/CIR/CodeGen/Output/basic.c.tmp.cir /Users/revofusion/Projects/llvm/clang/test/CIR/CodeGen/basic.c -check-prefix=CIR
# .---command stderr------------
# | /Users/revofusion/Projects/llvm/clang/test/CIR/CodeGen/basic.c:37:9: error: CIR: expected string not found in input
# | // CIR: cir.func{{.*}} @f1(%arg0: !s32i loc({{.*}})) -> !s32i
# |         ^
# | /Users/revofusion/Projects/llvm/build/tools/clang/test/CIR/CodeGen/Output/basic.c.tmp.cir:1:1: note: scanning from here
# | !s32i = !cir.int<s, 32>
# | ^
# | /Users/revofusion/Projects/llvm/build/tools/clang/test/CIR/CodeGen/Output/basic.c.tmp.cir:39:2: note: possible intended match here
# |  cir.func no_inline dso_local @f2() -> !s32i {
# |  ^
# | 
# | Input file: /Users/revofusion/Projects/llvm/build/tools/clang/test/CIR/CodeGen/Output/basic.c.tmp.cir
# | Check file: /Users/revofusion/Projects/llvm/clang/test/CIR/CodeGen/basic.c
# | 
# | -dump-input=help explains the following input dump.
# | 
# | Input was:
# | <<<<<<
# |             1: !s32i = !cir.int<s, 32> 
# | check:37'0     X~~~~~~~~~~~~~~~~~~~~~~~ error: no match found
# |             2: !s8i = !cir.int<s, 8> 
# | check:37'0     ~~~~~~~~~~~~~~~~~~~~~~
# |             3: !u32i = !cir.int<u, 32> 
# | check:37'0     ~~~~~~~~~~~~~~~~~~~~~~~~
# |             4: !u64i = !cir.int<u, 64> 
# | check:37'0     ~~~~~~~~~~~~~~~~~~~~~~~~
# |             5: #loc11 = loc("/Users/revofusion/Projects/llvm/clang/test/CIR/CodeGen/basic.c":32:8) 
# | check:37'0     ~~~~~~~~~~~~~~~~~~~~~~~~~~~~~~~~~~~~~~~~~~~~~~~~~~~~~~~~~~~~~~~~~~~~~~~~~~~~~~~~~~~~
# |             6: #loc12 = loc("/Users/revofusion/Projects/llvm/clang/test/CIR/CodeGen/basic.c":32:12) 
# | check:37'0     ~~~~~~~~~~~~~~~~~~~~~~~~~~~~~~~~~~~~~~~~~~~~~~~~~~~~~~~~~~~~~~~~~~~~~~~~~~~~~~~~~~~~~
# |             .
# |             .
# |             .
# |            34:  %41 = cir.load align(4) %38 : !cir.ptr<!s32i>, !s32i loc(#loc15) 
# | check:37'0     ~~~~~~~~~~~~~~~~~~~~~~~~~~~~~~~~~~~~~~~~~~~~~~~~~~~~~~~~~~~~~~~~~~
# |            35:  cir.store %41, %39 : !s32i, !cir.ptr<!s32i> loc(#loc89) 
# | check:37'0     ~~~~~~~~~~~~~~~~~~~~~~~~~~~~~~~~~~~~~~~~~~~~~~~~~~~~~~~~~
# |            36:  %42 = cir.load %39 : !cir.ptr<!s32i>, !s32i loc(#loc89) 
# | check:37'0     ~~~~~~~~~~~~~~~~~~~~~~~~~~~~~~~~~~~~~~~~~~~~~~~~~~~~~~~~~
# |            37:  cir.return %42 : !s32i loc(#loc89) 
# | check:37'0     ~~~~~~~~~~~~~~~~~~~~~~~~~~~~~~~~~~~~
# |            38:  } loc(#loc87) 
# | check:37'0     ~~~~~~~~~~~~~~~
# |            39:  cir.func no_inline dso_local @f2() -> !s32i { 
# | check:37'0     ~~~~~~~~~~~~~~~~~~~~~~~~~~~~~~~~~~~~~~~~~~~~~~~
# | check:37'1      ?                                              possible intended match
# |            40:  %35 = cir.alloca !s32i, !cir.ptr<!s32i>, ["__retval"] {alignment = 4 : i64} loc(#loc18) 
# | check:37'0     ~~~~~~~~~~~~~~~~~~~~~~~~~~~~~~~~~~~~~~~~~~~~~~~~~~~~~~~~~~~~~~~~~~~~~~~~~~~~~~~~~~~~~~~~~
# |            41:  %36 = cir.const #cir.int<3> : !s32i loc(#loc19) 
# | check:37'0     ~~~~~~~~~~~~~~~~~~~~~~~~~~~~~~~~~~~~~~~~~~~~~~~~~
# |            42:  cir.store %36, %35 : !s32i, !cir.ptr<!s32i> loc(#loc91) 
# | check:37'0     ~~~~~~~~~~~~~~~~~~~~~~~~~~~~~~~~~~~~~~~~~~~~~~~~~~~~~~~~~
# |            43:  %37 = cir.load %35 : !cir.ptr<!s32i>, !s32i loc(#loc91) 
# | check:37'0     ~~~~~~~~~~~~~~~~~~~~~~~~~~~~~~~~~~~~~~~~~~~~~~~~~~~~~~~~~
# |            44:  cir.return %37 : !s32i loc(#loc91) 
# | check:37'0     ~~~~~~~~~~~~~~~~~~~~~~~~~~~~~~~~~~~~
# |             .
# |             .
# |             .
# | >>>>>>
# `-----------------------------
# error: command failed with exit status: 1

--

********************
Testing:  0..
FAIL: Clang :: CIR/CodeGen/goto.cpp (26 of 258)
******************** TEST 'Clang :: CIR/CodeGen/goto.cpp' FAILED ********************
Exit Code: 1

Command Output (stdout):
--
# RUN: at line 1
/Users/revofusion/Projects/llvm/build/bin/clang -cc1 -internal-isystem /Users/revofusion/Projects/llvm/build/lib/clang/22/include -nostdsysteminc -triple x86_64-unknown-linux-gnu -fclangir -emit-cir /Users/revofusion/Projects/llvm/clang/test/CIR/CodeGen/goto.cpp -o /Users/revofusion/Projects/llvm/build/tools/clang/test/CIR/CodeGen/Output/goto.cpp.tmp.cir
# executed command: /Users/revofusion/Projects/llvm/build/bin/clang -cc1 -internal-isystem /Users/revofusion/Projects/llvm/build/lib/clang/22/include -nostdsysteminc -triple x86_64-unknown-linux-gnu -fclangir -emit-cir /Users/revofusion/Projects/llvm/clang/test/CIR/CodeGen/goto.cpp -o /Users/revofusion/Projects/llvm/build/tools/clang/test/CIR/CodeGen/Output/goto.cpp.tmp.cir
# RUN: at line 2
/Users/revofusion/Projects/llvm/build/bin/FileCheck --input-file=/Users/revofusion/Projects/llvm/build/tools/clang/test/CIR/CodeGen/Output/goto.cpp.tmp.cir /Users/revofusion/Projects/llvm/clang/test/CIR/CodeGen/goto.cpp -check-prefix=CIR
# executed command: /Users/revofusion/Projects/llvm/build/bin/FileCheck --input-file=/Users/revofusion/Projects/llvm/build/tools/clang/test/CIR/CodeGen/Output/goto.cpp.tmp.cir /Users/revofusion/Projects/llvm/clang/test/CIR/CodeGen/goto.cpp -check-prefix=CIR
# .---command stderr------------
# | /Users/revofusion/Projects/llvm/clang/test/CIR/CodeGen/goto.cpp:23:9: error: CIR: expected string not found in input
# | // CIR: [[RET:%.*]] = cir.load [[RETVAL]] : !cir.ptr<!s32i>, !s32i
# |         ^
# | /Users/revofusion/Projects/llvm/build/tools/clang/test/CIR/CodeGen/Output/goto.cpp.tmp.cir:63:7: note: scanning from here
# |  ^bb1: // pred: ^bb0
# |       ^
# | /Users/revofusion/Projects/llvm/build/tools/clang/test/CIR/CodeGen/Output/goto.cpp.tmp.cir:63:7: note: with "RETVAL" equal to "%31"
# |  ^bb1: // pred: ^bb0
# |       ^
# | /Users/revofusion/Projects/llvm/build/tools/clang/test/CIR/CodeGen/Output/goto.cpp.tmp.cir:67:2: note: possible intended match here
# |  %26 = cir.load %22 : !cir.ptr<!s32i>, !s32i loc(#loc136)
# |  ^
# | 
# | Input file: /Users/revofusion/Projects/llvm/build/tools/clang/test/CIR/CodeGen/Output/goto.cpp.tmp.cir
# | Check file: /Users/revofusion/Projects/llvm/clang/test/CIR/CodeGen/goto.cpp
# | 
# | -dump-input=help explains the following input dump.
# | 
# | Input was:
# | <<<<<<
# |             .
# |             .
# |             .
# |            58:  } loc(#loc133) 
# |            59:  %23 = cir.load align(4) %21 : !cir.ptr<!s32i>, !s32i loc(#loc29) 
# |            60:  %24 = cir.unary(inc, %23) nsw : !s32i, !s32i loc(#loc30) 
# |            61:  cir.store align(4) %24, %21 : !s32i, !cir.ptr<!s32i> loc(#loc135) 
# |            62:  cir.br ^bb1 loc(#loc31) 
# |            63:  ^bb1: // pred: ^bb0 
# | check:23'0           X~~~~~~~~~~~~~~ error: no match found
# | check:23'1                           with "RETVAL" equal to "%31"
# |            64:  cir.label "err" loc(#loc31) 
# | check:23'0     ~~~~~~~~~~~~~~~~~~~~~~~~~~~~~
# |            65:  %25 = cir.const #cir.int<-1> : !s32i loc(#loc32) 
# | check:23'0     ~~~~~~~~~~~~~~~~~~~~~~~~~~~~~~~~~~~~~~~~~~~~~~~~~~
# |            66:  cir.store %25, %22 : !s32i, !cir.ptr<!s32i> loc(#loc136) 
# | check:23'0     ~~~~~~~~~~~~~~~~~~~~~~~~~~~~~~~~~~~~~~~~~~~~~~~~~~~~~~~~~~
# |            67:  %26 = cir.load %22 : !cir.ptr<!s32i>, !s32i loc(#loc136) 
# | check:23'0     ~~~~~~~~~~~~~~~~~~~~~~~~~~~~~~~~~~~~~~~~~~~~~~~~~~~~~~~~~~
# | check:23'2      ?                                                         possible intended match
# |            68:  cir.return %26 : !s32i loc(#loc136) 
# | check:23'0     ~~~~~~~~~~~~~~~~~~~~~~~~~~~~~~~~~~~~~
# |            69:  } loc(#loc131) 
# | check:23'0     ~~~~~~~~~~~~~~~~
# |            70:  cir.func no_inline dso_local @_Z19severalLabelsInARowi(%arg4: !s32i loc(fused[#loc37, #loc38])) { 
# | check:23'0     ~~~~~~~~~~~~~~~~~~~~~~~~~~~~~~~~~~~~~~~~~~~~~~~~~~~~~~~~~~~~~~~~~~~~~~~~~~~~~~~~~~~~~~~~~~~~~~~~~~~
# |            71:  %12 = cir.alloca !s32i, !cir.ptr<!s32i>, ["a", init] {alignment = 4 : i64} loc(#loc138) 
# | check:23'0     ~~~~~~~~~~~~~~~~~~~~~~~~~~~~~~~~~~~~~~~~~~~~~~~~~~~~~~~~~~~~~~~~~~~~~~~~~~~~~~~~~~~~~~~~~
# |            72:  %13 = cir.alloca !s32i, !cir.ptr<!s32i>, ["b", init] {alignment = 4 : i64} loc(#loc139) 
# | check:23'0     ~~~~~~~~~~~~~~~~~~~~~~~~~~~~~~~~~~~~~~~~~~~~~~~~~~~~~~~~~~~~~~~~~~~~~~~~~~~~~~~~~~~~~~~~~
# |             .
# |             .
# |             .
# | >>>>>>
# `-----------------------------
# error: command failed with exit status: 1

--

********************
Testing:  0..
FAIL: Clang :: CIR/CodeGen/record-zero-init-padding.c (27 of 258)
******************** TEST 'Clang :: CIR/CodeGen/record-zero-init-padding.c' FAILED ********************
Exit Code: 1

Command Output (stdout):
--
# RUN: at line 1
/Users/revofusion/Projects/llvm/build/bin/clang -cc1 -internal-isystem /Users/revofusion/Projects/llvm/build/lib/clang/22/include -nostdsysteminc -triple x86_64-unknown-linux-gnu -fclangir -emit-cir /Users/revofusion/Projects/llvm/clang/test/CIR/CodeGen/record-zero-init-padding.c -o /Users/revofusion/Projects/llvm/build/tools/clang/test/CIR/CodeGen/Output/record-zero-init-padding.c.tmp.cir
# executed command: /Users/revofusion/Projects/llvm/build/bin/clang -cc1 -internal-isystem /Users/revofusion/Projects/llvm/build/lib/clang/22/include -nostdsysteminc -triple x86_64-unknown-linux-gnu -fclangir -emit-cir /Users/revofusion/Projects/llvm/clang/test/CIR/CodeGen/record-zero-init-padding.c -o /Users/revofusion/Projects/llvm/build/tools/clang/test/CIR/CodeGen/Output/record-zero-init-padding.c.tmp.cir
# RUN: at line 2
/Users/revofusion/Projects/llvm/build/bin/FileCheck --input-file=/Users/revofusion/Projects/llvm/build/tools/clang/test/CIR/CodeGen/Output/record-zero-init-padding.c.tmp.cir /Users/revofusion/Projects/llvm/clang/test/CIR/CodeGen/record-zero-init-padding.c -check-prefix=CIR
# executed command: /Users/revofusion/Projects/llvm/build/bin/FileCheck --input-file=/Users/revofusion/Projects/llvm/build/tools/clang/test/CIR/CodeGen/Output/record-zero-init-padding.c.tmp.cir /Users/revofusion/Projects/llvm/clang/test/CIR/CodeGen/record-zero-init-padding.c -check-prefix=CIR
# .---command stderr------------
# | /Users/revofusion/Projects/llvm/clang/test/CIR/CodeGen/record-zero-init-padding.c:38:13: error: CIR-DAG: expected string not found in input
# | // CIR-DAG: !rec_anon_struct = !cir.record<struct {!s8i, !u8i, !s16i, !cir.array<!u8i x 4>, !s64i}>
# |             ^
# | /Users/revofusion/Projects/llvm/build/tools/clang/test/CIR/CodeGen/Output/record-zero-init-padding.c.tmp.cir:1:1: note: scanning from here
# | !s16i = !cir.int<s, 16>
# | ^
# | 
# | Input file: /Users/revofusion/Projects/llvm/build/tools/clang/test/CIR/CodeGen/Output/record-zero-init-padding.c.tmp.cir
# | Check file: /Users/revofusion/Projects/llvm/clang/test/CIR/CodeGen/record-zero-init-padding.c
# | 
# | -dump-input=help explains the following input dump.
# | 
# | Input was:
# | <<<<<<
# |         1: !s16i = !cir.int<s, 16> 
# | dag:38     X~~~~~~~~~~~~~~~~~~~~~~~ error: no match found
# |         2: !s32i = !cir.int<s, 32> 
# | dag:38     ~~~~~~~~~~~~~~~~~~~~~~~~
# |         3: !s64i = !cir.int<s, 64> 
# | dag:38     ~~~~~~~~~~~~~~~~~~~~~~~~
# |         4: !s8i = !cir.int<s, 8> 
# | dag:38     ~~~~~~~~~~~~~~~~~~~~~~
# |         5: !u8i = !cir.int<u, 8> 
# | dag:38     ~~~~~~~~~~~~~~~~~~~~~~
# |         6: !rec_bitfield_with_padding = !cir.record<struct "bitfield_with_padding" {!u8i, !s32i}> 
# | dag:38     ~~~~~~~~~~~~~~~~~~~~~~~~~~~~~~~~~~~~~~~~~~~~~~~~~~~~~~~~~~~~~~~~~~~~~~~~~~~~~~~~~~~~~~~
# |         .
# |         .
# |         .
# | >>>>>>
# `-----------------------------
# error: command failed with exit status: 1

--

********************
Testing:  0..
FAIL: Clang :: CIR/CodeGen/ctor.cpp (28 of 258)
******************** TEST 'Clang :: CIR/CodeGen/ctor.cpp' FAILED ********************
Exit Code: 1

Command Output (stdout):
--
# RUN: at line 1
/Users/revofusion/Projects/llvm/build/bin/clang -cc1 -internal-isystem /Users/revofusion/Projects/llvm/build/lib/clang/22/include -nostdsysteminc -triple x86_64-unknown-linux-gnu -fclangir -emit-cir /Users/revofusion/Projects/llvm/clang/test/CIR/CodeGen/ctor.cpp -o /Users/revofusion/Projects/llvm/build/tools/clang/test/CIR/CodeGen/Output/ctor.cpp.tmp.cir
# executed command: /Users/revofusion/Projects/llvm/build/bin/clang -cc1 -internal-isystem /Users/revofusion/Projects/llvm/build/lib/clang/22/include -nostdsysteminc -triple x86_64-unknown-linux-gnu -fclangir -emit-cir /Users/revofusion/Projects/llvm/clang/test/CIR/CodeGen/ctor.cpp -o /Users/revofusion/Projects/llvm/build/tools/clang/test/CIR/CodeGen/Output/ctor.cpp.tmp.cir
# RUN: at line 2
/Users/revofusion/Projects/llvm/build/bin/FileCheck --input-file=/Users/revofusion/Projects/llvm/build/tools/clang/test/CIR/CodeGen/Output/ctor.cpp.tmp.cir /Users/revofusion/Projects/llvm/clang/test/CIR/CodeGen/ctor.cpp
# executed command: /Users/revofusion/Projects/llvm/build/bin/FileCheck --input-file=/Users/revofusion/Projects/llvm/build/tools/clang/test/CIR/CodeGen/Output/ctor.cpp.tmp.cir /Users/revofusion/Projects/llvm/clang/test/CIR/CodeGen/ctor.cpp
# .---command stderr------------
# | /Users/revofusion/Projects/llvm/clang/test/CIR/CodeGen/ctor.cpp:19:11: error: CHECK: expected string not found in input
# | // CHECK: cir.func{{.*}} @_ZN5StrukC2Ev(%arg0: !cir.ptr<!rec_Struk>
# |           ^
# | /Users/revofusion/Projects/llvm/build/tools/clang/test/CIR/CodeGen/Output/ctor.cpp.tmp.cir:38:49: note: scanning from here
# | !rec_Struk = !cir.record<struct "Struk" {!s32i}>
# |                                                 ^
# | /Users/revofusion/Projects/llvm/build/tools/clang/test/CIR/CodeGen/Output/ctor.cpp.tmp.cir:54:28: note: possible intended match here
# |  cir.func no_inline comdat linkonce_odr @_ZN5StrukC2Ev(%arg32: !cir.ptr<!rec_Struk> loc("/Users/revofusion/Projects/llvm/clang/test/CIR/CodeGen/ctor.cpp":6:3)) special_member<#cir.cxx_ctor<!rec_Struk, default>> {
# |                            ^
# | 
# | Input file: /Users/revofusion/Projects/llvm/build/tools/clang/test/CIR/CodeGen/Output/ctor.cpp.tmp.cir
# | Check file: /Users/revofusion/Projects/llvm/clang/test/CIR/CodeGen/ctor.cpp
# | 
# | -dump-input=help explains the following input dump.
# | 
# | Input was:
# | <<<<<<
# |             .
# |             .
# |             .
# |            33: !rec_Base = !cir.record<struct "Base" {!s32i}> 
# |            34: !rec_Base2 = !cir.record<struct "Base2" {!s32i}> 
# |            35: !rec_DelegatingStruk = !cir.record<struct "DelegatingStruk" {!s32i}> 
# |            36: !rec_MemberInitStruk = !cir.record<struct "MemberInitStruk" {!s32i}> 
# |            37: !rec_ParamMemberInitStruk = !cir.record<struct "ParamMemberInitStruk" {!s32i}> 
# |            38: !rec_Struk = !cir.record<struct "Struk" {!s32i}> 
# | check:19'0                                                     X error: no match found
# |            39: !rec_VariadicStruk = !cir.record<struct "VariadicStruk" {!s32i}> 
# | check:19'0     ~~~~~~~~~~~~~~~~~~~~~~~~~~~~~~~~~~~~~~~~~~~~~~~~~~~~~~~~~~~~~~~~~
# |            40: #loc134 = loc(fused[#loc10, #loc11]) 
# | check:19'0     ~~~~~~~~~~~~~~~~~~~~~~~~~~~~~~~~~~~~~
# |            41: #loc139 = loc(fused[#loc26, #loc27]) 
# | check:19'0     ~~~~~~~~~~~~~~~~~~~~~~~~~~~~~~~~~~~~~
# |            42: #loc149 = loc(fused[#loc53, #loc54]) 
# | check:19'0     ~~~~~~~~~~~~~~~~~~~~~~~~~~~~~~~~~~~~~
# |            43: #loc158 = loc(fused[#loc79, #loc80]) 
# | check:19'0     ~~~~~~~~~~~~~~~~~~~~~~~~~~~~~~~~~~~~~
# |             .
# |             .
# |             .
# |            49: !rec_Derived = !cir.record<struct "Derived" {!rec_Base}> 
# | check:19'0     ~~~~~~~~~~~~~~~~~~~~~~~~~~~~~~~~~~~~~~~~~~~~~~~~~~~~~~~~~
# |            50: !rec_Derived2 = !cir.record<struct "Derived2" {!rec_Base, !rec_Base2, !s32i}> 
# | check:19'0     ~~~~~~~~~~~~~~~~~~~~~~~~~~~~~~~~~~~~~~~~~~~~~~~~~~~~~~~~~~~~~~~~~~~~~~~~~~~~~~
# |            51: !rec_anon2E0 = !cir.record<union "anon.0" padded {!s32i, !rec_anon2E1, !cir.array<!u8i x 7>}> 
# | check:19'0     ~~~~~~~~~~~~~~~~~~~~~~~~~~~~~~~~~~~~~~~~~~~~~~~~~~~~~~~~~~~~~~~~~~~~~~~~~~~~~~~~~~~~~~~~~~~~~~
# |            52: !rec_UnionInitStruk = !cir.record<struct "UnionInitStruk" {!rec_anon2E0}> 
# | check:19'0     ~~~~~~~~~~~~~~~~~~~~~~~~~~~~~~~~~~~~~~~~~~~~~~~~~~~~~~~~~~~~~~~~~~~~~~~~~~
# |            53: module @"/Users/revofusion/Projects/llvm/clang/test/CIR/CodeGen/ctor.cpp" attributes {cir.lang = #cir.lang<cxx>, cir.module_asm = [], cir.triple = "x86_64-unknown-linux-gnu", dlti.dl_spec = #dlti.dl_spec<!llvm.ptr<270> = dense<32> : vector<4xi64>, !llvm.ptr<271> = dense<32> : vector<4xi64>, !llvm.ptr<272> = dense<64> : vector<4xi64>, i64 = dense<64> : vector<2xi64>, i128 = dense<128> : vector<2xi64>, f80 = dense<128> : vector<2xi64>, !llvm.ptr = dense<64> : vector<4xi64>, i1 = dense<8> : vector<2xi64>, i8 = dense<8> : vector<2xi64>, i16 = dense<16> : vector<2xi64>, i32 = dense<32> : vector<2xi64>, f16 = dense<16> : vector<2xi64>, f64 = dense<64> : vector<2xi64>, f128 = dense<128> : vector<2xi64>, "dlti.endianness" = "little", "dlti.mangling_mode" = "e", "dlti.legal_int_widths" = array<i32: 8, 16, 32, 64>, "dlti.stack_alignment" = 128 : i64>} { 
# | check:19'0     ~~~~~~~~~~~~~~~~~~~~~~~~~~~~~~~~~~~~~~~~~~~~~~~~~~~~~~~~~~~~~~~~~~~~~~~~~~~~~~~~~~~~~~~~~~~~~~~~~~~~~~~~~~~~~~~~~~~~~~~~~~~~~~~~~~~~~~~~~~~~~~~~~~~~~~~~~~~~~~~~~~~~~~~~~~~~~~~~~~~~~~~~~~~~~~~~~~~~~~~~~~~~~~~~~~~~~~~~~~~~~~~~~~~~~~~~~~~~~~~~~~~~~~~~~~~~~~~~~~~~~~~~~~~~~~~~~~~~~~~~~~~~~~~~~~~~~~~~~~~~~~~~~~~~~~~~~~~~~~~~~~~~~~~~~~~~~~~~~~~~~~~~~~~~~~~~~~~~~~~~~~~~~~~~~~~~~~~~~~~~~~~~~~~~~~~~~~~~~~~~~~~~~~~~~~~~~~~~~~~~~~~~~~~~~~~~~~~~~~~~~~~~~~~~~~~~~~~~~~~~~~~~~~~~~~~~~~~~~~~~~~~~~~~~~~~~~~~~~~~~~~~~~~~~~~~~~~~~~~~~~~~~~~~~~~~~~~~~~~~~~~~~~~~~~~~~~~~~~~~~~~~~~~~~~~~~~~~~~~~~~~~~~~~~~~~~~~~~~~~~~~~~~~~~~~~~~~~~~~~~~~~~~~~~~~~~~~~~~~~~~~~~~~~~~~~~~~~~~~~~~~~~~~~~~~~~~~~~~~~~~~~~~~~~~~~~~~~~~~~~~~~~~~~~~~~~~~~~~~~~~~~~~~~~~~~~~~~~~~~~~~~~~~~~~~~~~~~~~~~~~~~~~~~~~~~~~~~~~~~~~~~~~~~~~~~~~~~~~~~~~~~~~~~~~~~~~~~~~~~~~~~~~~~~~~~~~~~~~~~~~~~~~~~~~~~~~~~~
# |            54:  cir.func no_inline comdat linkonce_odr @_ZN5StrukC2Ev(%arg32: !cir.ptr<!rec_Struk> loc("/Users/revofusion/Projects/llvm/clang/test/CIR/CodeGen/ctor.cpp":6:3)) special_member<#cir.cxx_ctor<!rec_Struk, default>> { 
# | check:19'0     ~~~~~~~~~~~~~~~~~~~~~~~~~~~~~~~~~~~~~~~~~~~~~~~~~~~~~~~~~~~~~~~~~~~~~~~~~~~~~~~~~~~~~~~~~~~~~~~~~~~~~~~~~~~~~~~~~~~~~~~~~~~~~~~~~~~~~~~~~~~~~~~~~~~~~~~~~~~~~~~~~~~~~~~~~~~~~~~~~~~~~~~~~~~~~~~~~~~~~~~~~~~~~~~~~~~~~
# | check:19'1                                ?                                                                                                                                                                                          possible intended match
# |            55:  %96 = cir.alloca !cir.ptr<!rec_Struk>, !cir.ptr<!cir.ptr<!rec_Struk>>, ["this", init] {alignment = 8 : i64} loc(#loc1) 
# | check:19'0     ~~~~~~~~~~~~~~~~~~~~~~~~~~~~~~~~~~~~~~~~~~~~~~~~~~~~~~~~~~~~~~~~~~~~~~~~~~~~~~~~~~~~~~~~~~~~~~~~~~~~~~~~~~~~~~~~~~~~~~~~
# |            56:  cir.store %arg32, %96 : !cir.ptr<!rec_Struk>, !cir.ptr<!cir.ptr<!rec_Struk>> loc(#loc3) 
# | check:19'0     ~~~~~~~~~~~~~~~~~~~~~~~~~~~~~~~~~~~~~~~~~~~~~~~~~~~~~~~~~~~~~~~~~~~~~~~~~~~~~~~~~~~~~~~~~
# |            57:  %97 = cir.load %96 : !cir.ptr<!cir.ptr<!rec_Struk>>, !cir.ptr<!rec_Struk> loc(#loc1) 
# | check:19'0     ~~~~~~~~~~~~~~~~~~~~~~~~~~~~~~~~~~~~~~~~~~~~~~~~~~~~~~~~~~~~~~~~~~~~~~~~~~~~~~~~~~~~~~
# |            58:  cir.return loc(#loc2) 
# | check:19'0     ~~~~~~~~~~~~~~~~~~~~~~~
# |            59:  } loc(#loc130) 
# | check:19'0     ~~~~~~~~~~~~~~~~
# |             .
# |             .
# |             .
# | >>>>>>
# `-----------------------------
# error: command failed with exit status: 1

--

********************
Testing:  0..
FAIL: Clang :: CIR/CodeGen/class.cpp (29 of 258)
******************** TEST 'Clang :: CIR/CodeGen/class.cpp' FAILED ********************
Exit Code: 1

Command Output (stdout):
--
# RUN: at line 1
/Users/revofusion/Projects/llvm/build/bin/clang -cc1 -internal-isystem /Users/revofusion/Projects/llvm/build/lib/clang/22/include -nostdsysteminc -triple x86_64-unknown-linux-gnu -fclangir -emit-cir /Users/revofusion/Projects/llvm/clang/test/CIR/CodeGen/class.cpp -o /Users/revofusion/Projects/llvm/build/tools/clang/test/CIR/CodeGen/Output/class.cpp.tmp.cir
# executed command: /Users/revofusion/Projects/llvm/build/bin/clang -cc1 -internal-isystem /Users/revofusion/Projects/llvm/build/lib/clang/22/include -nostdsysteminc -triple x86_64-unknown-linux-gnu -fclangir -emit-cir /Users/revofusion/Projects/llvm/clang/test/CIR/CodeGen/class.cpp -o /Users/revofusion/Projects/llvm/build/tools/clang/test/CIR/CodeGen/Output/class.cpp.tmp.cir
# RUN: at line 2
/Users/revofusion/Projects/llvm/build/bin/FileCheck --check-prefix=CIR --input-file=/Users/revofusion/Projects/llvm/build/tools/clang/test/CIR/CodeGen/Output/class.cpp.tmp.cir /Users/revofusion/Projects/llvm/clang/test/CIR/CodeGen/class.cpp
# executed command: /Users/revofusion/Projects/llvm/build/bin/FileCheck --check-prefix=CIR --input-file=/Users/revofusion/Projects/llvm/build/tools/clang/test/CIR/CodeGen/Output/class.cpp.tmp.cir /Users/revofusion/Projects/llvm/clang/test/CIR/CodeGen/class.cpp
# .---command stderr------------
# | /Users/revofusion/Projects/llvm/clang/test/CIR/CodeGen/class.cpp:57:9: error: CIR: expected string not found in input
# | // CIR: %[[D_PTR:.*]] = cir.load align(8) %0
# |         ^
# | /Users/revofusion/Projects/llvm/build/tools/clang/test/CIR/CodeGen/Output/class.cpp.tmp.cir:21:22: note: scanning from here
# |  cir.store %arg1, %14 : !cir.ptr<!rec_Derived>, !cir.ptr<!cir.ptr<!rec_Derived>> loc(#loc9)
# |                      ^
# | /Users/revofusion/Projects/llvm/build/tools/clang/test/CIR/CodeGen/Output/class.cpp.tmp.cir:22:2: note: possible intended match here
# |  %16 = cir.load align(8) %14 : !cir.ptr<!cir.ptr<!rec_Derived>>, !cir.ptr<!rec_Derived> loc(#loc10)
# |  ^
# | 
# | Input file: /Users/revofusion/Projects/llvm/build/tools/clang/test/CIR/CodeGen/Output/class.cpp.tmp.cir
# | Check file: /Users/revofusion/Projects/llvm/clang/test/CIR/CodeGen/class.cpp
# | 
# | -dump-input=help explains the following input dump.
# | 
# | Input was:
# | <<<<<<
# |             .
# |             .
# |             .
# |            16:  cir.global external @p = #cir.ptr<null> : !cir.ptr<!rec_IncompleteC> {alignment = 8 : i64} loc(#loc34) 
# |            17:  cir.global external @cc = #cir.zero : !rec_CompleteC {alignment = 4 : i64} loc(#loc35) 
# |            18:  cir.func no_inline dso_local @_Z3useP7Derived(%arg1: !cir.ptr<!rec_Derived> loc(fused[#loc7, #loc8])) -> !s32i { 
# |            19:  %14 = cir.alloca !cir.ptr<!rec_Derived>, !cir.ptr<!cir.ptr<!rec_Derived>>, ["d", init] {alignment = 8 : i64} loc(#loc37) 
# |            20:  %15 = cir.alloca !s32i, !cir.ptr<!s32i>, ["__retval"] {alignment = 4 : i64} loc(#loc6) 
# |            21:  cir.store %arg1, %14 : !cir.ptr<!rec_Derived>, !cir.ptr<!cir.ptr<!rec_Derived>> loc(#loc9) 
# | check:57'0                          X~~~~~~~~~~~~~~~~~~~~~~~~~~~~~~~~~~~~~~~~~~~~~~~~~~~~~~~~~~~~~~~~~~~~~~ error: no match found
# |            22:  %16 = cir.load align(8) %14 : !cir.ptr<!cir.ptr<!rec_Derived>>, !cir.ptr<!rec_Derived> loc(#loc10) 
# | check:57'0     ~~~~~~~~~~~~~~~~~~~~~~~~~~~~~~~~~~~~~~~~~~~~~~~~~~~~~~~~~~~~~~~~~~~~~~~~~~~~~~~~~~~~~~~~~~~~~~~~~~~~
# | check:57'1      ?                                                                                                   possible intended match
# |            23:  %17 = cir.get_member %16[1] {name = "b"} : !cir.ptr<!rec_Derived> -> !cir.ptr<!s32i> loc(#loc11) 
# | check:57'0     ~~~~~~~~~~~~~~~~~~~~~~~~~~~~~~~~~~~~~~~~~~~~~~~~~~~~~~~~~~~~~~~~~~~~~~~~~~~~~~~~~~~~~~~~~~~~~~~~~~
# |            24:  %18 = cir.load align(4) %17 : !cir.ptr<!s32i>, !s32i loc(#loc12) 
# | check:57'0     ~~~~~~~~~~~~~~~~~~~~~~~~~~~~~~~~~~~~~~~~~~~~~~~~~~~~~~~~~~~~~~~~~~
# |            25:  cir.store %18, %15 : !s32i, !cir.ptr<!s32i> loc(#loc38) 
# | check:57'0     ~~~~~~~~~~~~~~~~~~~~~~~~~~~~~~~~~~~~~~~~~~~~~~~~~~~~~~~~~
# |            26:  %19 = cir.load %15 : !cir.ptr<!s32i>, !s32i loc(#loc38) 
# | check:57'0     ~~~~~~~~~~~~~~~~~~~~~~~~~~~~~~~~~~~~~~~~~~~~~~~~~~~~~~~~~
# |            27:  cir.return %19 : !s32i loc(#loc38) 
# | check:57'0     ~~~~~~~~~~~~~~~~~~~~~~~~~~~~~~~~~~~~
# |             .
# |             .
# |             .
# | >>>>>>
# `-----------------------------
# error: command failed with exit status: 1

--

********************
Testing:  0..
FAIL: Clang :: CIR/CodeGen/assign-operator.cpp (30 of 258)
******************** TEST 'Clang :: CIR/CodeGen/assign-operator.cpp' FAILED ********************
Exit Code: 1

Command Output (stdout):
--
# RUN: at line 1
/Users/revofusion/Projects/llvm/build/bin/clang -cc1 -internal-isystem /Users/revofusion/Projects/llvm/build/lib/clang/22/include -nostdsysteminc -std=c++11 -triple aarch64-none-linux-android21 -fclangir -emit-cir /Users/revofusion/Projects/llvm/clang/test/CIR/CodeGen/assign-operator.cpp -o /Users/revofusion/Projects/llvm/build/tools/clang/test/CIR/CodeGen/Output/assign-operator.cpp.tmp.cir
# executed command: /Users/revofusion/Projects/llvm/build/bin/clang -cc1 -internal-isystem /Users/revofusion/Projects/llvm/build/lib/clang/22/include -nostdsysteminc -std=c++11 -triple aarch64-none-linux-android21 -fclangir -emit-cir /Users/revofusion/Projects/llvm/clang/test/CIR/CodeGen/assign-operator.cpp -o /Users/revofusion/Projects/llvm/build/tools/clang/test/CIR/CodeGen/Output/assign-operator.cpp.tmp.cir
# RUN: at line 2
/Users/revofusion/Projects/llvm/build/bin/FileCheck --check-prefix=CIR --input-file=/Users/revofusion/Projects/llvm/build/tools/clang/test/CIR/CodeGen/Output/assign-operator.cpp.tmp.cir /Users/revofusion/Projects/llvm/clang/test/CIR/CodeGen/assign-operator.cpp
# executed command: /Users/revofusion/Projects/llvm/build/bin/FileCheck --check-prefix=CIR --input-file=/Users/revofusion/Projects/llvm/build/tools/clang/test/CIR/CodeGen/Output/assign-operator.cpp.tmp.cir /Users/revofusion/Projects/llvm/clang/test/CIR/CodeGen/assign-operator.cpp
# .---command stderr------------
# | /Users/revofusion/Projects/llvm/clang/test/CIR/CodeGen/assign-operator.cpp:29:9: error: CIR: expected string not found in input
# | // CIR: cir.func{{.*}} @_Z1fii(%arg0: !s32i {{.*}}, %arg1: !s32i {{.*}})
# |         ^
# | /Users/revofusion/Projects/llvm/build/tools/clang/test/CIR/CodeGen/Output/assign-operator.cpp.tmp.cir:36:74: note: scanning from here
# |  %41 = cir.call @_ZN1xaSEi(%39, %40) : (!cir.ptr<!rec_x>, !s32i) -> !s32i loc(#loc8)
# |                                                                          ^
# | /Users/revofusion/Projects/llvm/build/tools/clang/test/CIR/CodeGen/Output/assign-operator.cpp.tmp.cir:39:19: note: possible intended match here
# |  cir.func no_inline dso_local @_Z1fii(%arg7: !s32i loc(fused[#loc11, #loc12]), %arg8: !s32i loc(fused[#loc13, #loc14])) {
# |                   ^
# | 
# | Input file: /Users/revofusion/Projects/llvm/build/tools/clang/test/CIR/CodeGen/Output/assign-operator.cpp.tmp.cir
# | Check file: /Users/revofusion/Projects/llvm/clang/test/CIR/CodeGen/assign-operator.cpp
# | 
# | -dump-input=help explains the following input dump.
# | 
# | Input was:
# | <<<<<<
# |             .
# |             .
# |             .
# |            31: module @"/Users/revofusion/Projects/llvm/clang/test/CIR/CodeGen/assign-operator.cpp" attributes {cir.lang = #cir.lang<cxx>, cir.module_asm = [], cir.triple = "aarch64-none-linux-android21", dlti.dl_spec = #dlti.dl_spec<!llvm.ptr<270> = dense<32> : vector<4xi64>, !llvm.ptr<271> = dense<32> : vector<4xi64>, !llvm.ptr<272> = dense<64> : vector<4xi64>, i8 = dense<[8, 32]> : vector<2xi64>, i16 = dense<[16, 32]> : vector<2xi64>, i64 = dense<64> : vector<2xi64>, i128 = dense<128> : vector<2xi64>, !llvm.ptr = dense<64> : vector<4xi64>, i1 = dense<8> : vector<2xi64>, i32 = dense<32> : vector<2xi64>, f16 = dense<16> : vector<2xi64>, f64 = dense<64> : vector<2xi64>, f128 = dense<128> : vector<2xi64>, "dlti.endianness" = "little", "dlti.mangling_mode" = "e", "dlti.legal_int_widths" = array<i32: 32, 64>, "dlti.stack_alignment" = 128 : i64, "dlti.function_pointer_alignment" = #dlti.function_pointer_alignment<32, function_dependent = true>>} { 
# |            32:  cir.func private @_ZN1xaSEi(!cir.ptr<!rec_x>, !s32i) -> !s32i loc(#loc55) 
# |            33:  cir.func no_inline dso_local @_Z1av() { 
# |            34:  %39 = cir.alloca !rec_x, !cir.ptr<!rec_x>, ["a"] {alignment = 1 : i64} loc(#loc57) 
# |            35:  %40 = cir.const #cir.int<1> : !s32i loc(#loc7) 
# |            36:  %41 = cir.call @_ZN1xaSEi(%39, %40) : (!cir.ptr<!rec_x>, !s32i) -> !s32i loc(#loc8) 
# | check:29'0                                                                              X~~~~~~~~~~~ error: no match found
# |            37:  cir.return loc(#loc4) 
# | check:29'0     ~~~~~~~~~~~~~~~~~~~~~~~
# |            38:  } loc(#loc56) 
# | check:29'0     ~~~~~~~~~~~~~~~
# |            39:  cir.func no_inline dso_local @_Z1fii(%arg7: !s32i loc(fused[#loc11, #loc12]), %arg8: !s32i loc(fused[#loc13, #loc14])) { 
# | check:29'0     ~~~~~~~~~~~~~~~~~~~~~~~~~~~~~~~~~~~~~~~~~~~~~~~~~~~~~~~~~~~~~~~~~~~~~~~~~~~~~~~~~~~~~~~~~~~~~~~~~~~~~~~~~~~~~~~~~~~~~~~~~~
# | check:29'1                       ?                                                                                                        possible intended match
# |            40:  %33 = cir.alloca !s32i, !cir.ptr<!s32i>, ["i", init] {alignment = 4 : i64} loc(#loc59) 
# | check:29'0     ~~~~~~~~~~~~~~~~~~~~~~~~~~~~~~~~~~~~~~~~~~~~~~~~~~~~~~~~~~~~~~~~~~~~~~~~~~~~~~~~~~~~~~~~
# |            41:  %34 = cir.alloca !s32i, !cir.ptr<!s32i>, ["j", init] {alignment = 4 : i64} loc(#loc60) 
# | check:29'0     ~~~~~~~~~~~~~~~~~~~~~~~~~~~~~~~~~~~~~~~~~~~~~~~~~~~~~~~~~~~~~~~~~~~~~~~~~~~~~~~~~~~~~~~~
# |            42:  cir.store %arg7, %33 : !s32i, !cir.ptr<!s32i> loc(#loc15) 
# | check:29'0     ~~~~~~~~~~~~~~~~~~~~~~~~~~~~~~~~~~~~~~~~~~~~~~~~~~~~~~~~~~~
# |            43:  cir.store %arg8, %34 : !s32i, !cir.ptr<!s32i> loc(#loc15) 
# | check:29'0     ~~~~~~~~~~~~~~~~~~~~~~~~~~~~~~~~~~~~~~~~~~~~~~~~~~~~~~~~~~~
# |            44:  %35 = cir.const #cir.int<17> : !s32i loc(#loc16) 
# | check:29'0     ~~~~~~~~~~~~~~~~~~~~~~~~~~~~~~~~~~~~~~~~~~~~~~~~~~
# |             .
# |             .
# |             .
# | >>>>>>
# `-----------------------------
# error: command failed with exit status: 1

--

********************
Testing:  0..
FAIL: Clang :: CIR/CodeGen/no-prototype.c (31 of 258)
******************** TEST 'Clang :: CIR/CodeGen/no-prototype.c' FAILED ********************
Exit Code: 1

Command Output (stdout):
--
# RUN: at line 1
/Users/revofusion/Projects/llvm/build/bin/clang -cc1 -internal-isystem /Users/revofusion/Projects/llvm/build/lib/clang/22/include -nostdsysteminc -triple x86_64-unknown-linux-gnu -fclangir -emit-cir /Users/revofusion/Projects/llvm/clang/test/CIR/CodeGen/no-prototype.c -o /Users/revofusion/Projects/llvm/build/tools/clang/test/CIR/CodeGen/Output/no-prototype.c.tmp.cir
# executed command: /Users/revofusion/Projects/llvm/build/bin/clang -cc1 -internal-isystem /Users/revofusion/Projects/llvm/build/lib/clang/22/include -nostdsysteminc -triple x86_64-unknown-linux-gnu -fclangir -emit-cir /Users/revofusion/Projects/llvm/clang/test/CIR/CodeGen/no-prototype.c -o /Users/revofusion/Projects/llvm/build/tools/clang/test/CIR/CodeGen/Output/no-prototype.c.tmp.cir
# .---command stderr------------
# | /Users/revofusion/Projects/llvm/clang/test/CIR/CodeGen/no-prototype.c:9:5: warning: a function definition without a prototype is deprecated in all versions of C and is not supported in C23 [-Wdeprecated-non-prototype]
# |     9 | int noProto0(x) int x; { return x; }
# |       |     ^
# | /Users/revofusion/Projects/llvm/clang/test/CIR/CodeGen/no-prototype.c:22:5: warning: a function declaration without a prototype is deprecated in all versions of C and is treated as a zero-parameter prototype in C23, conflicting with a subsequent definition [-Wdeprecated-non-prototype]
# |    22 | int noProto1();
# |       |     ^
# | /Users/revofusion/Projects/llvm/clang/test/CIR/CodeGen/no-prototype.c:23:5: note: conflicting prototype is here
# |    23 | int noProto1(int x) { return x; }
# |       |     ^
# | /Users/revofusion/Projects/llvm/clang/test/CIR/CodeGen/no-prototype.c:37:18: warning: passing arguments to 'noProto2' without a prototype is deprecated in all versions of C and is not supported in C23 [-Wdeprecated-non-prototype]
# |    37 |   return noProto2(x);
# |       |                  ^
# | /Users/revofusion/Projects/llvm/clang/test/CIR/CodeGen/no-prototype.c:35:5: warning: a function declaration without a prototype is deprecated in all versions of C and is treated as a zero-parameter prototype in C23, conflicting with a subsequent definition [-Wdeprecated-non-prototype]
# |    35 | int noProto2();
# |       |     ^
# | /Users/revofusion/Projects/llvm/clang/test/CIR/CodeGen/no-prototype.c:41:5: note: conflicting prototype is here
# |    41 | int noProto2(int x) { return x; }
# |       |     ^
# | /Users/revofusion/Projects/llvm/clang/test/CIR/CodeGen/no-prototype.c:52:18: warning: passing arguments to 'noProto3' without a prototype is deprecated in all versions of C and is not supported in C23 [-Wdeprecated-non-prototype]
# |    52 |   return noProto3(x);
# |       |                  ^
# | /Users/revofusion/Projects/llvm/clang/test/CIR/CodeGen/no-prototype.c:69:20: warning: too many arguments in call to 'noProto4'
# |    69 |   return noProto4(x); // Even if we know the definition, this should compile.
# |       |          ~~~~~~~~  ^
# | /Users/revofusion/Projects/llvm/clang/test/CIR/CodeGen/no-prototype.c:69:18: warning: passing arguments to 'noProto4' without a prototype is deprecated in all versions of C and is not supported in C23 [-Wdeprecated-non-prototype]
# |    69 |   return noProto4(x); // Even if we know the definition, this should compile.
# |       |                  ^
# | /Users/revofusion/Projects/llvm/clang/test/CIR/CodeGen/no-prototype.c:76:5: warning: a function declaration without a prototype is deprecated in all versions of C and is treated as a zero-parameter prototype in C23, conflicting with a subsequent definition [-Wdeprecated-non-prototype]
# |    76 | int noProto5();
# |       |     ^
# | /Users/revofusion/Projects/llvm/clang/test/CIR/CodeGen/no-prototype.c:83:5: note: conflicting prototype is here
# |    83 | int noProto5(int x) { return x; }
# |       |     ^
# | 8 warnings generated.
# `-----------------------------
# RUN: at line 2
/Users/revofusion/Projects/llvm/build/bin/FileCheck --input-file=/Users/revofusion/Projects/llvm/build/tools/clang/test/CIR/CodeGen/Output/no-prototype.c.tmp.cir /Users/revofusion/Projects/llvm/clang/test/CIR/CodeGen/no-prototype.c
# executed command: /Users/revofusion/Projects/llvm/build/bin/FileCheck --input-file=/Users/revofusion/Projects/llvm/build/tools/clang/test/CIR/CodeGen/Output/no-prototype.c.tmp.cir /Users/revofusion/Projects/llvm/clang/test/CIR/CodeGen/no-prototype.c
# .---command stderr------------
# | /Users/revofusion/Projects/llvm/clang/test/CIR/CodeGen/no-prototype.c:10:11: error: CHECK: expected string not found in input
# | // CHECK: cir.func {{.*}} no_proto {{.*}} @noProto0(%arg0: !s32i {{.+}}) -> !s32i
# |           ^
# | /Users/revofusion/Projects/llvm/build/tools/clang/test/CIR/CodeGen/Output/no-prototype.c.tmp.cir:1:1: note: scanning from here
# | !s32i = !cir.int<s, 32>
# | ^
# | /Users/revofusion/Projects/llvm/build/tools/clang/test/CIR/CodeGen/Output/no-prototype.c.tmp.cir:33:9: note: possible intended match here
# |  cir.func no_inline no_proto dso_local @noProto0(%arg9: !s32i loc(fused[#loc3, #loc4])) -> !s32i {
# |         ^
# | 
# | Input file: /Users/revofusion/Projects/llvm/build/tools/clang/test/CIR/CodeGen/Output/no-prototype.c.tmp.cir
# | Check file: /Users/revofusion/Projects/llvm/clang/test/CIR/CodeGen/no-prototype.c
# | 
# | -dump-input=help explains the following input dump.
# | 
# | Input was:
# | <<<<<<
# |             1: !s32i = !cir.int<s, 32> 
# | check:10'0     X~~~~~~~~~~~~~~~~~~~~~~~ error: no match found
# |             2: #loc3 = loc("/Users/revofusion/Projects/llvm/clang/test/CIR/CodeGen/no-prototype.c":9:17) 
# | check:10'0     ~~~~~~~~~~~~~~~~~~~~~~~~~~~~~~~~~~~~~~~~~~~~~~~~~~~~~~~~~~~~~~~~~~~~~~~~~~~~~~~~~~~~~~~~~~
# |             3: #loc4 = loc("/Users/revofusion/Projects/llvm/clang/test/CIR/CodeGen/no-prototype.c":9:21) 
# | check:10'0     ~~~~~~~~~~~~~~~~~~~~~~~~~~~~~~~~~~~~~~~~~~~~~~~~~~~~~~~~~~~~~~~~~~~~~~~~~~~~~~~~~~~~~~~~~~
# |             4: #loc10 = loc("/Users/revofusion/Projects/llvm/clang/test/CIR/CodeGen/no-prototype.c":11:11) 
# | check:10'0     ~~~~~~~~~~~~~~~~~~~~~~~~~~~~~~~~~~~~~~~~~~~~~~~~~~~~~~~~~~~~~~~~~~~~~~~~~~~~~~~~~~~~~~~~~~~~
# |             5: #loc11 = loc("/Users/revofusion/Projects/llvm/clang/test/CIR/CodeGen/no-prototype.c":11:15) 
# | check:10'0     ~~~~~~~~~~~~~~~~~~~~~~~~~~~~~~~~~~~~~~~~~~~~~~~~~~~~~~~~~~~~~~~~~~~~~~~~~~~~~~~~~~~~~~~~~~~~
# |             6: #loc19 = loc("/Users/revofusion/Projects/llvm/clang/test/CIR/CodeGen/no-prototype.c":23:14) 
# | check:10'0     ~~~~~~~~~~~~~~~~~~~~~~~~~~~~~~~~~~~~~~~~~~~~~~~~~~~~~~~~~~~~~~~~~~~~~~~~~~~~~~~~~~~~~~~~~~~~
# |             .
# |             .
# |             .
# |            28: #loc110 = loc(fused[#loc53, #loc54]) 
# | check:10'0     ~~~~~~~~~~~~~~~~~~~~~~~~~~~~~~~~~~~~~
# |            29: #loc116 = loc(fused[#loc66, #loc67]) 
# | check:10'0     ~~~~~~~~~~~~~~~~~~~~~~~~~~~~~~~~~~~~~
# |            30: #loc120 = loc(fused[#loc75, #loc76]) 
# | check:10'0     ~~~~~~~~~~~~~~~~~~~~~~~~~~~~~~~~~~~~~
# |            31: #loc124 = loc(fused[#loc83, #loc84]) 
# | check:10'0     ~~~~~~~~~~~~~~~~~~~~~~~~~~~~~~~~~~~~~
# |            32: module @"/Users/revofusion/Projects/llvm/clang/test/CIR/CodeGen/no-prototype.c" attributes {cir.lang = #cir.lang<c>, cir.module_asm = [], cir.triple = "x86_64-unknown-linux-gnu", dlti.dl_spec = #dlti.dl_spec<!llvm.ptr<270> = dense<32> : vector<4xi64>, !llvm.ptr<271> = dense<32> : vector<4xi64>, !llvm.ptr<272> = dense<64> : vector<4xi64>, i64 = dense<64> : vector<2xi64>, i128 = dense<128> : vector<2xi64>, f80 = dense<128> : vector<2xi64>, !llvm.ptr = dense<64> : vector<4xi64>, i1 = dense<8> : vector<2xi64>, i8 = dense<8> : vector<2xi64>, i16 = dense<16> : vector<2xi64>, i32 = dense<32> : vector<2xi64>, f16 = dense<16> : vector<2xi64>, f64 = dense<64> : vector<2xi64>, f128 = dense<128> : vector<2xi64>, "dlti.endianness" = "little", "dlti.mangling_mode" = "e", "dlti.legal_int_widths" = array<i32: 8, 16, 32, 64>, "dlti.stack_alignment" = 128 : i64>} { 
# | check:10'0     ~~~~~~~~~~~~~~~~~~~~~~~~~~~~~~~~~~~~~~~~~~~~~~~~~~~~~~~~~~~~~~~~~~~~~~~~~~~~~~~~~~~~~~~~~~~~~~~~~~~~~~~~~~~~~~~~~~~~~~~~~~~~~~~~~~~~~~~~~~~~~~~~~~~~~~~~~~~~~~~~~~~~~~~~~~~~~~~~~~~~~~~~~~~~~~~~~~~~~~~~~~~~~~~~~~~~~~~~~~~~~~~~~~~~~~~~~~~~~~~~~~~~~~~~~~~~~~~~~~~~~~~~~~~~~~~~~~~~~~~~~~~~~~~~~~~~~~~~~~~~~~~~~~~~~~~~~~~~~~~~~~~~~~~~~~~~~~~~~~~~~~~~~~~~~~~~~~~~~~~~~~~~~~~~~~~~~~~~~~~~~~~~~~~~~~~~~~~~~~~~~~~~~~~~~~~~~~~~~~~~~~~~~~~~~~~~~~~~~~~~~~~~~~~~~~~~~~~~~~~~~~~~~~~~~~~~~~~~~~~~~~~~~~~~~~~~~~~~~~~~~~~~~~~~~~~~~~~~~~~~~~~~~~~~~~~~~~~~~~~~~~~~~~~~~~~~~~~~~~~~~~~~~~~~~~~~~~~~~~~~~~~~~~~~~~~~~~~~~~~~~~~~~~~~~~~~~~~~~~~~~~~~~~~~~~~~~~~~~~~~~~~~~~~~~~~~~~~~~~~~~~~~~~~~~~~~~~~~~~~~~~~~~~~~~~~~~~~~~~~~~~~~~~~~~~~~~~~~~~~~~~~~~~~~~~~~~~~~~~~~~~~~~~~~~~~~~~~~~~~~~~~~~~~~~~~~~~~~~~~~~~~~~~~~~~~~~~~~~~~~~~~~~~~~~~~~~~~~~~~~~~~~~~~~~~~~~~~~~~~~~~~~~~~~~~~~~~~~~~~~
# |            33:  cir.func no_inline no_proto dso_local @noProto0(%arg9: !s32i loc(fused[#loc3, #loc4])) -> !s32i { 
# | check:10'0     ~~~~~~~~~~~~~~~~~~~~~~~~~~~~~~~~~~~~~~~~~~~~~~~~~~~~~~~~~~~~~~~~~~~~~~~~~~~~~~~~~~~~~~~~~~~~~~~~~~~
# | check:10'1             ?                                                                                           possible intended match
# |            34:  %52 = cir.alloca !s32i, !cir.ptr<!s32i>, ["x", init] {alignment = 4 : i64} loc(#loc89) 
# | check:10'0     ~~~~~~~~~~~~~~~~~~~~~~~~~~~~~~~~~~~~~~~~~~~~~~~~~~~~~~~~~~~~~~~~~~~~~~~~~~~~~~~~~~~~~~~~
# |            35:  %53 = cir.alloca !s32i, !cir.ptr<!s32i>, ["__retval"] {alignment = 4 : i64} loc(#loc2) 
# | check:10'0     ~~~~~~~~~~~~~~~~~~~~~~~~~~~~~~~~~~~~~~~~~~~~~~~~~~~~~~~~~~~~~~~~~~~~~~~~~~~~~~~~~~~~~~~~
# |            36:  cir.store %arg9, %52 : !s32i, !cir.ptr<!s32i> loc(#loc5) 
# | check:10'0     ~~~~~~~~~~~~~~~~~~~~~~~~~~~~~~~~~~~~~~~~~~~~~~~~~~~~~~~~~~
# |            37:  %54 = cir.load align(4) %52 : !cir.ptr<!s32i>, !s32i loc(#loc6) 
# | check:10'0     ~~~~~~~~~~~~~~~~~~~~~~~~~~~~~~~~~~~~~~~~~~~~~~~~~~~~~~~~~~~~~~~~~
# |            38:  cir.store %54, %53 : !s32i, !cir.ptr<!s32i> loc(#loc90) 
# | check:10'0     ~~~~~~~~~~~~~~~~~~~~~~~~~~~~~~~~~~~~~~~~~~~~~~~~~~~~~~~~~
# |             .
# |             .
# |             .
# | >>>>>>
# `-----------------------------
# error: command failed with exit status: 1

--

********************
Testing:  0..
FAIL: Clang :: CIR/CodeGen/cleanup.cpp (32 of 258)
******************** TEST 'Clang :: CIR/CodeGen/cleanup.cpp' FAILED ********************
Exit Code: 1

Command Output (stdout):
--
# RUN: at line 1
/Users/revofusion/Projects/llvm/build/bin/clang -cc1 -internal-isystem /Users/revofusion/Projects/llvm/build/lib/clang/22/include -nostdsysteminc -triple x86_64-unknown-linux-gnu -fclangir -emit-cir /Users/revofusion/Projects/llvm/clang/test/CIR/CodeGen/cleanup.cpp -o /Users/revofusion/Projects/llvm/build/tools/clang/test/CIR/CodeGen/Output/cleanup.cpp.tmp.cir
# executed command: /Users/revofusion/Projects/llvm/build/bin/clang -cc1 -internal-isystem /Users/revofusion/Projects/llvm/build/lib/clang/22/include -nostdsysteminc -triple x86_64-unknown-linux-gnu -fclangir -emit-cir /Users/revofusion/Projects/llvm/clang/test/CIR/CodeGen/cleanup.cpp -o /Users/revofusion/Projects/llvm/build/tools/clang/test/CIR/CodeGen/Output/cleanup.cpp.tmp.cir
# RUN: at line 2
/Users/revofusion/Projects/llvm/build/bin/FileCheck --input-file=/Users/revofusion/Projects/llvm/build/tools/clang/test/CIR/CodeGen/Output/cleanup.cpp.tmp.cir /Users/revofusion/Projects/llvm/clang/test/CIR/CodeGen/cleanup.cpp
# executed command: /Users/revofusion/Projects/llvm/build/bin/FileCheck --input-file=/Users/revofusion/Projects/llvm/build/tools/clang/test/CIR/CodeGen/Output/cleanup.cpp.tmp.cir /Users/revofusion/Projects/llvm/clang/test/CIR/CodeGen/cleanup.cpp
# .---command stderr------------
# | /Users/revofusion/Projects/llvm/clang/test/CIR/CodeGen/cleanup.cpp:31:11: error: CHECK: expected string not found in input
# | // CHECK: %[[B:.*]] = cir.load{{.*}} %0 : !cir.ptr<!cir.bool>
# |           ^
# | /Users/revofusion/Projects/llvm/build/tools/clang/test/CIR/CodeGen/Output/cleanup.cpp.tmp.cir:17:13: note: scanning from here
# |  cir.scope {
# |             ^
# | /Users/revofusion/Projects/llvm/build/tools/clang/test/CIR/CodeGen/Output/cleanup.cpp.tmp.cir:18:4: note: possible intended match here
# |  %13 = cir.load align(1) %12 : !cir.ptr<!cir.bool>, !cir.bool loc(#loc14)
# |    ^
# | 
# | Input file: /Users/revofusion/Projects/llvm/build/tools/clang/test/CIR/CodeGen/Output/cleanup.cpp.tmp.cir
# | Check file: /Users/revofusion/Projects/llvm/clang/test/CIR/CodeGen/cleanup.cpp
# | 
# | -dump-input=help explains the following input dump.
# | 
# | Input was:
# | <<<<<<
# |             .
# |             .
# |             .
# |            12:  cir.return loc(#loc4) 
# |            13:  } loc(#loc57) 
# |            14:  cir.func no_inline dso_local @_Z19test_cleanup_ifelseb(%arg0: !cir.bool loc(fused[#loc9, #loc10])) { 
# |            15:  %12 = cir.alloca !cir.bool, !cir.ptr<!cir.bool>, ["b", init] {alignment = 1 : i64} loc(#loc60) 
# |            16:  cir.store %arg0, %12 : !cir.bool, !cir.ptr<!cir.bool> loc(#loc11) 
# |            17:  cir.scope { 
# | check:31'0                 X error: no match found
# |            18:  %13 = cir.load align(1) %12 : !cir.ptr<!cir.bool>, !cir.bool loc(#loc14) 
# | check:31'0     ~~~~~~~~~~~~~~~~~~~~~~~~~~~~~~~~~~~~~~~~~~~~~~~~~~~~~~~~~~~~~~~~~~~~~~~~~~
# | check:31'1        ?                                                                       possible intended match
# |            19:  cir.if %13 { 
# | check:31'0     ~~~~~~~~~~~~~~
# |            20:  %15 = cir.alloca !rec_Struk, !cir.ptr<!rec_Struk>, ["s"] {alignment = 1 : i64} loc(#loc63) 
# | check:31'0     ~~~~~~~~~~~~~~~~~~~~~~~~~~~~~~~~~~~~~~~~~~~~~~~~~~~~~~~~~~~~~~~~~~~~~~~~~~~~~~~~~~~~~~~~~~~~
# |            21:  cir.call @_ZN5StrukD1Ev(%15) nothrow : (!cir.ptr<!rec_Struk>) -> () loc(#loc56) 
# | check:31'0     ~~~~~~~~~~~~~~~~~~~~~~~~~~~~~~~~~~~~~~~~~~~~~~~~~~~~~~~~~~~~~~~~~~~~~~~~~~~~~~~~~
# |            22:  } else { 
# | check:31'0     ~~~~~~~~~~
# |            23:  %14 = cir.alloca !rec_Struk, !cir.ptr<!rec_Struk>, ["s"] {alignment = 1 : i64} loc(#loc64) 
# | check:31'0     ~~~~~~~~~~~~~~~~~~~~~~~~~~~~~~~~~~~~~~~~~~~~~~~~~~~~~~~~~~~~~~~~~~~~~~~~~~~~~~~~~~~~~~~~~~~~
# |             .
# |             .
# |             .
# | >>>>>>
# `-----------------------------
# error: command failed with exit status: 1

--

********************
Testing:  0..
FAIL: Clang :: CIR/CodeGen/label-values.c (33 of 258)
******************** TEST 'Clang :: CIR/CodeGen/label-values.c' FAILED ********************
Exit Code: 1

Command Output (stdout):
--
# RUN: at line 1
/Users/revofusion/Projects/llvm/build/bin/clang -cc1 -internal-isystem /Users/revofusion/Projects/llvm/build/lib/clang/22/include -nostdsysteminc -triple x86_64-unknown-linux-gnu -fclangir -emit-cir  /Users/revofusion/Projects/llvm/clang/test/CIR/CodeGen/label-values.c -o /Users/revofusion/Projects/llvm/build/tools/clang/test/CIR/CodeGen/Output/label-values.c.tmp.cir
# executed command: /Users/revofusion/Projects/llvm/build/bin/clang -cc1 -internal-isystem /Users/revofusion/Projects/llvm/build/lib/clang/22/include -nostdsysteminc -triple x86_64-unknown-linux-gnu -fclangir -emit-cir /Users/revofusion/Projects/llvm/clang/test/CIR/CodeGen/label-values.c -o /Users/revofusion/Projects/llvm/build/tools/clang/test/CIR/CodeGen/Output/label-values.c.tmp.cir
# .---command stderr------------
# | /Users/revofusion/Projects/llvm/clang/test/CIR/CodeGen/label-values.c:39:3: warning: label followed by a declaration is a C23 extension [-Wc23-extensions]
# |    39 |   void *ptr = &&LABEL_B;
# |       |   ^
# | /Users/revofusion/Projects/llvm/clang/test/CIR/CodeGen/label-values.c:118:3: warning: label followed by a declaration is a C23 extension [-Wc23-extensions]
# |   118 |   void *ptr3 = &&LABEL_A;
# |       |   ^
# | /Users/revofusion/Projects/llvm/clang/test/CIR/CodeGen/label-values.c:165:3: warning: label followed by a declaration is a C23 extension [-Wc23-extensions]
# |   165 |   void *ptr3 = &&LABEL_B;
# |       |   ^
# | 3 warnings generated.
# `-----------------------------
# RUN: at line 2
/Users/revofusion/Projects/llvm/build/bin/FileCheck --input-file=/Users/revofusion/Projects/llvm/build/tools/clang/test/CIR/CodeGen/Output/label-values.c.tmp.cir /Users/revofusion/Projects/llvm/clang/test/CIR/CodeGen/label-values.c --check-prefix=CIR
# executed command: /Users/revofusion/Projects/llvm/build/bin/FileCheck --input-file=/Users/revofusion/Projects/llvm/build/tools/clang/test/CIR/CodeGen/Output/label-values.c.tmp.cir /Users/revofusion/Projects/llvm/clang/test/CIR/CodeGen/label-values.c --check-prefix=CIR
# .---command stderr------------
# | /Users/revofusion/Projects/llvm/clang/test/CIR/CodeGen/label-values.c:87:14: error: CIR-NEXT: is not on the line after the previous match
# | // CIR-NEXT: ^bb4
# |              ^
# | /Users/revofusion/Projects/llvm/build/tools/clang/test/CIR/CodeGen/Output/label-values.c.tmp.cir:96:2: note: 'next' match was here
# |  ^bb4,
# |  ^
# | /Users/revofusion/Projects/llvm/build/tools/clang/test/CIR/CodeGen/Output/label-values.c.tmp.cir:51:7: note: previous match ended here
# |  ^bb2,
# |       ^
# | /Users/revofusion/Projects/llvm/build/tools/clang/test/CIR/CodeGen/Output/label-values.c.tmp.cir:52:1: note: non-matching line after previous match is here
# |  ^bb3
# | ^
# | 
# | Input file: /Users/revofusion/Projects/llvm/build/tools/clang/test/CIR/CodeGen/Output/label-values.c.tmp.cir
# | Check file: /Users/revofusion/Projects/llvm/clang/test/CIR/CodeGen/label-values.c
# | 
# | -dump-input=help explains the following input dump.
# | 
# | Input was:
# | <<<<<<
# |          .
# |          .
# |          .
# |         91:  cir.store align(8) %5, %1 : !cir.ptr<!void>, !cir.ptr<!cir.ptr<!void>> loc(#loc98) 
# |         92:  cir.br ^bb2 loc(#loc66) 
# |         93:  ^bb1(%6: !cir.ptr<!void> loc(unknown)): // no predecessors 
# |         94:  cir.indirect_br %6 poison : !cir.ptr<!void>, [ 
# |         95:  ^bb5, 
# |         96:  ^bb4, 
# | next:87      !~~~   error: match on wrong line
# |         97:  ^bb3, 
# |         98:  ^bb2 
# |         99:  ] loc(#loc8) 
# |        100:  ^bb2: // 2 preds: ^bb0, ^bb1 
# |        101:  cir.label "LABEL_A" loc(#loc66) 
# |          .
# |          .
# |          .
# | >>>>>>
# `-----------------------------
# error: command failed with exit status: 1

--

********************
Testing:  0.. 
FAIL: Clang :: CIR/CodeGen/try-catch-tmp.cpp (34 of 258)
******************** TEST 'Clang :: CIR/CodeGen/try-catch-tmp.cpp' FAILED ********************
Exit Code: 1

Command Output (stdout):
--
# RUN: at line 1
/Users/revofusion/Projects/llvm/build/bin/clang -cc1 -internal-isystem /Users/revofusion/Projects/llvm/build/lib/clang/22/include -nostdsysteminc -std=c++20 -triple x86_64-unknown-linux-gnu -fcxx-exceptions -fexceptions -fclangir -emit-cir /Users/revofusion/Projects/llvm/clang/test/CIR/CodeGen/try-catch-tmp.cpp -o /Users/revofusion/Projects/llvm/build/tools/clang/test/CIR/CodeGen/Output/try-catch-tmp.cpp.tmp.cir
# executed command: /Users/revofusion/Projects/llvm/build/bin/clang -cc1 -internal-isystem /Users/revofusion/Projects/llvm/build/lib/clang/22/include -nostdsysteminc -std=c++20 -triple x86_64-unknown-linux-gnu -fcxx-exceptions -fexceptions -fclangir -emit-cir /Users/revofusion/Projects/llvm/clang/test/CIR/CodeGen/try-catch-tmp.cpp -o /Users/revofusion/Projects/llvm/build/tools/clang/test/CIR/CodeGen/Output/try-catch-tmp.cpp.tmp.cir
# RUN: at line 2
/Users/revofusion/Projects/llvm/build/bin/FileCheck --input-file=/Users/revofusion/Projects/llvm/build/tools/clang/test/CIR/CodeGen/Output/try-catch-tmp.cpp.tmp.cir /Users/revofusion/Projects/llvm/clang/test/CIR/CodeGen/try-catch-tmp.cpp -check-prefix=CIR
# executed command: /Users/revofusion/Projects/llvm/build/bin/FileCheck --input-file=/Users/revofusion/Projects/llvm/build/tools/clang/test/CIR/CodeGen/Output/try-catch-tmp.cpp.tmp.cir /Users/revofusion/Projects/llvm/clang/test/CIR/CodeGen/try-catch-tmp.cpp -check-prefix=CIR
# .---command stderr------------
# | /Users/revofusion/Projects/llvm/clang/test/CIR/CodeGen/try-catch-tmp.cpp:254:9: error: CIR: expected string not found in input
# | // CIR: %[[CATCH_PARAM]] = cir.catch_param : !cir.ptr<!void>
# |         ^
# | /Users/revofusion/Projects/llvm/build/tools/clang/test/CIR/CodeGen/Output/try-catch-tmp.cpp.tmp.cir:87:15: note: scanning from here
# |  } catch all {
# |               ^
# | /Users/revofusion/Projects/llvm/build/tools/clang/test/CIR/CodeGen/Output/try-catch-tmp.cpp.tmp.cir:87:15: note: with "CATCH_PARAM" equal to "2"
# |  } catch all {
# |               ^
# | /Users/revofusion/Projects/llvm/build/tools/clang/test/CIR/CodeGen/Output/try-catch-tmp.cpp.tmp.cir:88:2: note: possible intended match here
# |  %1 = cir.catch_param : !cir.ptr<!void> loc(#loc14)
# |  ^
# | 
# | Input file: /Users/revofusion/Projects/llvm/build/tools/clang/test/CIR/CodeGen/Output/try-catch-tmp.cpp.tmp.cir
# | Check file: /Users/revofusion/Projects/llvm/clang/test/CIR/CodeGen/try-catch-tmp.cpp
# | 
# | -dump-input=help explains the following input dump.
# | 
# | Input was:
# | <<<<<<
# |              .
# |              .
# |              .
# |             82:  } catch [type #cir.global_view<@_ZTIi> : !cir.ptr<!u8i>] { 
# |             83:  %2 = cir.catch_param : !cir.ptr<!s32i> loc(#loc14) 
# |             84:  %3 = cir.load align(4) %2 : !cir.ptr<!s32i>, !s32i loc(#loc44) 
# |             85:  cir.store align(4) %3, %0 : !s32i, !cir.ptr<!s32i> loc(#loc45) 
# |             86:  cir.yield loc(#loc45) 
# |             87:  } catch all { 
# | check:254'0                   X error: no match found
# | check:254'1                     with "CATCH_PARAM" equal to "2"
# |             88:  %1 = cir.catch_param : !cir.ptr<!void> loc(#loc14) 
# | check:254'0     ~~~~~~~~~~~~~~~~~~~~~~~~~~~~~~~~~~~~~~~~~~~~~~~~~~~~
# | check:254'2      ?                                                   possible intended match
# |             89:  cir.yield loc(#loc45) 
# | check:254'0     ~~~~~~~~~~~~~~~~~~~~~~~
# |             90:  } loc(#loc39) 
# | check:254'0     ~~~~~~~~~~~~~~~
# |             91:  } loc(#loc62) 
# | check:254'0     ~~~~~~~~~~~~~~~
# |             92:  cir.return loc(#loc38) 
# | check:254'0     ~~~~~~~~~~~~~~~~~~~~~~~~
# |             93:  } loc(#loc61) 
# | check:254'0     ~~~~~~~~~~~~~~~
# |              .
# |              .
# |              .
# | >>>>>>
# `-----------------------------
# error: command failed with exit status: 1

--

********************
Testing:  0.. 
FAIL: Clang :: CIR/CodeGen/virtual-function-calls.cpp (35 of 258)
******************** TEST 'Clang :: CIR/CodeGen/virtual-function-calls.cpp' FAILED ********************
Exit Code: 1

Command Output (stdout):
--
# RUN: at line 1
/Users/revofusion/Projects/llvm/build/bin/clang -cc1 -internal-isystem /Users/revofusion/Projects/llvm/build/lib/clang/22/include -nostdsysteminc -triple x86_64-unknown-linux-gnu -mconstructor-aliases -fclangir -emit-cir /Users/revofusion/Projects/llvm/clang/test/CIR/CodeGen/virtual-function-calls.cpp -o /Users/revofusion/Projects/llvm/build/tools/clang/test/CIR/CodeGen/Output/virtual-function-calls.cpp.tmp.cir
# executed command: /Users/revofusion/Projects/llvm/build/bin/clang -cc1 -internal-isystem /Users/revofusion/Projects/llvm/build/lib/clang/22/include -nostdsysteminc -triple x86_64-unknown-linux-gnu -mconstructor-aliases -fclangir -emit-cir /Users/revofusion/Projects/llvm/clang/test/CIR/CodeGen/virtual-function-calls.cpp -o /Users/revofusion/Projects/llvm/build/tools/clang/test/CIR/CodeGen/Output/virtual-function-calls.cpp.tmp.cir
# RUN: at line 2
/Users/revofusion/Projects/llvm/build/bin/FileCheck --check-prefix=CIR --input-file=/Users/revofusion/Projects/llvm/build/tools/clang/test/CIR/CodeGen/Output/virtual-function-calls.cpp.tmp.cir /Users/revofusion/Projects/llvm/clang/test/CIR/CodeGen/virtual-function-calls.cpp
# executed command: /Users/revofusion/Projects/llvm/build/bin/FileCheck --check-prefix=CIR --input-file=/Users/revofusion/Projects/llvm/build/tools/clang/test/CIR/CodeGen/Output/virtual-function-calls.cpp.tmp.cir /Users/revofusion/Projects/llvm/clang/test/CIR/CodeGen/virtual-function-calls.cpp
# .---command stderr------------
# | /Users/revofusion/Projects/llvm/clang/test/CIR/CodeGen/virtual-function-calls.cpp:25:9: error: CIR: expected string not found in input
# | // CIR: cir.func{{.*}} @_ZN1AC2Ev(%arg0: !cir.ptr<!rec_A> {{.*}})
# |         ^
# | /Users/revofusion/Projects/llvm/build/tools/clang/test/CIR/CodeGen/Output/virtual-function-calls.cpp.tmp.cir:10:58: note: scanning from here
# |  cir.global "private" external @_ZTV1A : !rec_anon_struct {alignment = 8 : i64} loc(#loc15)
# |                                                          ^
# | /Users/revofusion/Projects/llvm/build/tools/clang/test/CIR/CodeGen/Output/virtual-function-calls.cpp.tmp.cir:11:16: note: possible intended match here
# |  cir.func no_inline dso_local @_ZN1AC2Ev(%arg1: !cir.ptr<!rec_A> loc("/Users/revofusion/Projects/llvm/clang/test/CIR/CodeGen/virtual-function-calls.cpp":14:4)) special_member<#cir.cxx_ctor<!rec_A, default>> {
# |                ^
# | 
# | Input file: /Users/revofusion/Projects/llvm/build/tools/clang/test/CIR/CodeGen/Output/virtual-function-calls.cpp.tmp.cir
# | Check file: /Users/revofusion/Projects/llvm/clang/test/CIR/CodeGen/virtual-function-calls.cpp
# | 
# | -dump-input=help explains the following input dump.
# | 
# | Input was:
# | <<<<<<
# |             .
# |             .
# |             .
# |             5: #loc9 = loc("/Users/revofusion/Projects/llvm/clang/test/CIR/CodeGen/virtual-function-calls.cpp":50:9) 
# |             6: #loc10 = loc("/Users/revofusion/Projects/llvm/clang/test/CIR/CodeGen/virtual-function-calls.cpp":50:12) 
# |             7: #loc18 = loc(fused[#loc9, #loc10]) 
# |             8: !rec_anon_struct = !cir.record<struct {!cir.array<!cir.ptr<!u8i> x 3>}> 
# |             9: module @"/Users/revofusion/Projects/llvm/clang/test/CIR/CodeGen/virtual-function-calls.cpp" attributes {cir.lang = #cir.lang<cxx>, cir.module_asm = [], cir.triple = "x86_64-unknown-linux-gnu", dlti.dl_spec = #dlti.dl_spec<!llvm.ptr<270> = dense<32> : vector<4xi64>, !llvm.ptr<271> = dense<32> : vector<4xi64>, !llvm.ptr<272> = dense<64> : vector<4xi64>, i64 = dense<64> : vector<2xi64>, i128 = dense<128> : vector<2xi64>, f80 = dense<128> : vector<2xi64>, !llvm.ptr = dense<64> : vector<4xi64>, i1 = dense<8> : vector<2xi64>, i8 = dense<8> : vector<2xi64>, i16 = dense<16> : vector<2xi64>, i32 = dense<32> : vector<2xi64>, f16 = dense<16> : vector<2xi64>, f64 = dense<64> : vector<2xi64>, f128 = dense<128> : vector<2xi64>, "dlti.endianness" = "little", "dlti.mangling_mode" = "e", "dlti.legal_int_widths" = array<i32: 8, 16, 32, 64>, "dlti.stack_alignment" = 128 : i64>} { 
# |            10:  cir.global "private" external @_ZTV1A : !rec_anon_struct {alignment = 8 : i64} loc(#loc15) 
# | check:25'0                                                              X~~~~~~~~~~~~~~~~~~~~~~~~~~~~~~~~~~ error: no match found
# |            11:  cir.func no_inline dso_local @_ZN1AC2Ev(%arg1: !cir.ptr<!rec_A> loc("/Users/revofusion/Projects/llvm/clang/test/CIR/CodeGen/virtual-function-calls.cpp":14:4)) special_member<#cir.cxx_ctor<!rec_A, default>> { 
# | check:25'0     ~~~~~~~~~~~~~~~~~~~~~~~~~~~~~~~~~~~~~~~~~~~~~~~~~~~~~~~~~~~~~~~~~~~~~~~~~~~~~~~~~~~~~~~~~~~~~~~~~~~~~~~~~~~~~~~~~~~~~~~~~~~~~~~~~~~~~~~~~~~~~~~~~~~~~~~~~~~~~~~~~~~~~~~~~~~~~~~~~~~~~~~~~~~~~~~~~~~~~~~~~~~~~~~~~
# | check:25'1                    ?                                                                                                                                                                                                  possible intended match
# |            12:  %7 = cir.alloca !cir.ptr<!rec_A>, !cir.ptr<!cir.ptr<!rec_A>>, ["this", init] {alignment = 8 : i64} loc(#loc5) 
# | check:25'0     ~~~~~~~~~~~~~~~~~~~~~~~~~~~~~~~~~~~~~~~~~~~~~~~~~~~~~~~~~~~~~~~~~~~~~~~~~~~~~~~~~~~~~~~~~~~~~~~~~~~~~~~~~~~~~~~
# |            13:  cir.store %arg1, %7 : !cir.ptr<!rec_A>, !cir.ptr<!cir.ptr<!rec_A>> loc(#loc6) 
# | check:25'0     ~~~~~~~~~~~~~~~~~~~~~~~~~~~~~~~~~~~~~~~~~~~~~~~~~~~~~~~~~~~~~~~~~~~~~~~~~~~~~~~
# |            14:  %8 = cir.load %7 : !cir.ptr<!cir.ptr<!rec_A>>, !cir.ptr<!rec_A> loc(#loc5) 
# | check:25'0     ~~~~~~~~~~~~~~~~~~~~~~~~~~~~~~~~~~~~~~~~~~~~~~~~~~~~~~~~~~~~~~~~~~~~~~~~~~~~
# |            15:  %9 = cir.vtable.address_point(@_ZTV1A, address_point = <index = 0, offset = 2>) : !cir.vptr loc(#loc15) 
# | check:25'0     ~~~~~~~~~~~~~~~~~~~~~~~~~~~~~~~~~~~~~~~~~~~~~~~~~~~~~~~~~~~~~~~~~~~~~~~~~~~~~~~~~~~~~~~~~~~~~~~~~~~~~~~~~
# |            16:  %10 = cir.vtable.get_vptr %8 : !cir.ptr<!rec_A> -> !cir.ptr<!cir.vptr> loc(#loc3) 
# | check:25'0     ~~~~~~~~~~~~~~~~~~~~~~~~~~~~~~~~~~~~~~~~~~~~~~~~~~~~~~~~~~~~~~~~~~~~~~~~~~~~~~~~~~~
# |             .
# |             .
# |             .
# | >>>>>>
# `-----------------------------
# error: command failed with exit status: 1

--

********************
Testing:  0.. 
FAIL: Clang :: CIR/CodeGen/count-of.c (36 of 258)
******************** TEST 'Clang :: CIR/CodeGen/count-of.c' FAILED ********************
Exit Code: 1

Command Output (stdout):
--
# RUN: at line 1
/Users/revofusion/Projects/llvm/build/bin/clang -cc1 -internal-isystem /Users/revofusion/Projects/llvm/build/lib/clang/22/include -nostdsysteminc -std=c2y -triple x86_64-unknown-linux-gnu -Wno-unused-value -fclangir -emit-cir /Users/revofusion/Projects/llvm/clang/test/CIR/CodeGen/count-of.c -o /Users/revofusion/Projects/llvm/build/tools/clang/test/CIR/CodeGen/Output/count-of.c.tmp.cir
# executed command: /Users/revofusion/Projects/llvm/build/bin/clang -cc1 -internal-isystem /Users/revofusion/Projects/llvm/build/lib/clang/22/include -nostdsysteminc -std=c2y -triple x86_64-unknown-linux-gnu -Wno-unused-value -fclangir -emit-cir /Users/revofusion/Projects/llvm/clang/test/CIR/CodeGen/count-of.c -o /Users/revofusion/Projects/llvm/build/tools/clang/test/CIR/CodeGen/Output/count-of.c.tmp.cir
# RUN: at line 2
/Users/revofusion/Projects/llvm/build/bin/FileCheck --input-file=/Users/revofusion/Projects/llvm/build/tools/clang/test/CIR/CodeGen/Output/count-of.c.tmp.cir /Users/revofusion/Projects/llvm/clang/test/CIR/CodeGen/count-of.c -check-prefix=CIR
# executed command: /Users/revofusion/Projects/llvm/build/bin/FileCheck --input-file=/Users/revofusion/Projects/llvm/build/tools/clang/test/CIR/CodeGen/Output/count-of.c.tmp.cir /Users/revofusion/Projects/llvm/clang/test/CIR/CodeGen/count-of.c -check-prefix=CIR
# .---command stderr------------
# | /Users/revofusion/Projects/llvm/clang/test/CIR/CodeGen/count-of.c:38:9: error: CIR: expected string not found in input
# | // CIR: cir.store %[[TMP_SIZE_U64]], %[[RET_ADDR]] : !u64i, !cir.ptr<!u64i>
# |         ^
# | /Users/revofusion/Projects/llvm/build/tools/clang/test/CIR/CodeGen/Output/count-of.c.tmp.cir:16:44: note: scanning from here
# |  %3 = cir.cast integral %2 : !s64i -> !u64i loc(#loc12)
# |                                            ^
# | /Users/revofusion/Projects/llvm/build/tools/clang/test/CIR/CodeGen/Output/count-of.c.tmp.cir:16:44: note: with "TMP_SIZE_U64" equal to "3"
# |  %3 = cir.cast integral %2 : !s64i -> !u64i loc(#loc12)
# |                                            ^
# | /Users/revofusion/Projects/llvm/build/tools/clang/test/CIR/CodeGen/Output/count-of.c.tmp.cir:16:44: note: with "RET_ADDR" equal to "5"
# |  %3 = cir.cast integral %2 : !s64i -> !u64i loc(#loc12)
# |                                            ^
# | /Users/revofusion/Projects/llvm/build/tools/clang/test/CIR/CodeGen/Output/count-of.c.tmp.cir:17:2: note: possible intended match here
# |  cir.store %3, %0 : !u64i, !cir.ptr<!u64i> loc(#loc21)
# |  ^
# | 
# | Input file: /Users/revofusion/Projects/llvm/build/tools/clang/test/CIR/CodeGen/Output/count-of.c.tmp.cir
# | Check file: /Users/revofusion/Projects/llvm/clang/test/CIR/CodeGen/count-of.c
# | 
# | -dump-input=help explains the following input dump.
# | 
# | Input was:
# | <<<<<<
# |             .
# |             .
# |             .
# |            11:  } loc(#loc15) 
# |            12:  cir.func no_inline dso_local @vla_with_array_element_type_non_const_size() -> !u64i { 
# |            13:  %0 = cir.alloca !u64i, !cir.ptr<!u64i>, ["__retval"] {alignment = 8 : i64} loc(#loc9) 
# |            14:  %1 = cir.alloca !s64i, !cir.ptr<!s64i>, ["size"] {alignment = 8 : i64} loc(#loc20) 
# |            15:  %2 = cir.load align(8) %1 : !cir.ptr<!s64i>, !s64i loc(#loc12) 
# |            16:  %3 = cir.cast integral %2 : !s64i -> !u64i loc(#loc12) 
# | check:38'0                                                X~~~~~~~~~~~~ error: no match found
# | check:38'1                                                              with "TMP_SIZE_U64" equal to "3"
# | check:38'2                                                              with "RET_ADDR" equal to "5"
# |            17:  cir.store %3, %0 : !u64i, !cir.ptr<!u64i> loc(#loc21) 
# | check:38'0     ~~~~~~~~~~~~~~~~~~~~~~~~~~~~~~~~~~~~~~~~~~~~~~~~~~~~~~~
# | check:38'3      ?                                                      possible intended match
# |            18:  %4 = cir.load %0 : !cir.ptr<!u64i>, !u64i loc(#loc21) 
# | check:38'0     ~~~~~~~~~~~~~~~~~~~~~~~~~~~~~~~~~~~~~~~~~~~~~~~~~~~~~~~
# |            19:  cir.return %4 : !u64i loc(#loc21) 
# | check:38'0     ~~~~~~~~~~~~~~~~~~~~~~~~~~~~~~~~~~~
# |            20:  } loc(#loc19) 
# | check:38'0     ~~~~~~~~~~~~~~~
# |            21: } loc(#loc) 
# | check:38'0     ~~~~~~~~~~~~
# |            22: #loc = loc("/Users/revofusion/Projects/llvm/clang/test/CIR/CodeGen/count-of.c":0:0) 
# | check:38'0     ~~~~~~~~~~~~~~~~~~~~~~~~~~~~~~~~~~~~~~~~~~~~~~~~~~~~~~~~~~~~~~~~~~~~~~~~~~~~~~~~~~~~
# |             .
# |             .
# |             .
# | >>>>>>
# `-----------------------------
# error: command failed with exit status: 1

--

********************
Testing:  0.. 
FAIL: Clang :: CIR/CodeGen/label.c (37 of 258)
******************** TEST 'Clang :: CIR/CodeGen/label.c' FAILED ********************
Exit Code: 1

Command Output (stdout):
--
# RUN: at line 1
/Users/revofusion/Projects/llvm/build/bin/clang -cc1 -internal-isystem /Users/revofusion/Projects/llvm/build/lib/clang/22/include -nostdsysteminc -triple x86_64-unknown-linux-gnu -fclangir -emit-cir /Users/revofusion/Projects/llvm/clang/test/CIR/CodeGen/label.c -o /Users/revofusion/Projects/llvm/build/tools/clang/test/CIR/CodeGen/Output/label.c.tmp.cir
# executed command: /Users/revofusion/Projects/llvm/build/bin/clang -cc1 -internal-isystem /Users/revofusion/Projects/llvm/build/lib/clang/22/include -nostdsysteminc -triple x86_64-unknown-linux-gnu -fclangir -emit-cir /Users/revofusion/Projects/llvm/clang/test/CIR/CodeGen/label.c -o /Users/revofusion/Projects/llvm/build/tools/clang/test/CIR/CodeGen/Output/label.c.tmp.cir
# .---command stderr------------
# | /Users/revofusion/Projects/llvm/clang/test/CIR/CodeGen/label.c:108:1: warning: label at end of compound statement is a C23 extension [-Wc23-extensions]
# |   108 | }
# |       | ^
# | /Users/revofusion/Projects/llvm/clang/test/CIR/CodeGen/label.c:134:1: warning: label at end of compound statement is a C23 extension [-Wc23-extensions]
# |   134 | }
# |       | ^
# | 2 warnings generated.
# `-----------------------------
# RUN: at line 2
/Users/revofusion/Projects/llvm/build/bin/FileCheck --input-file=/Users/revofusion/Projects/llvm/build/tools/clang/test/CIR/CodeGen/Output/label.c.tmp.cir /Users/revofusion/Projects/llvm/clang/test/CIR/CodeGen/label.c --check-prefix=CIR
# executed command: /Users/revofusion/Projects/llvm/build/bin/FileCheck --input-file=/Users/revofusion/Projects/llvm/build/tools/clang/test/CIR/CodeGen/Output/label.c.tmp.cir /Users/revofusion/Projects/llvm/clang/test/CIR/CodeGen/label.c --check-prefix=CIR
# .---command stderr------------
# | /Users/revofusion/Projects/llvm/clang/test/CIR/CodeGen/label.c:71:9: error: CIR: expected string not found in input
# | // CIR: [[INC:%.*]] = cir.unary(inc, %3) nsw : !s32i, !s32i
# |         ^
# | /Users/revofusion/Projects/llvm/build/tools/clang/test/CIR/CodeGen/Output/label.c.tmp.cir:32:52: note: scanning from here
# |  %8 = cir.load align(4) %5 : !cir.ptr<!s32i>, !s32i loc(#loc20)
# |                                                    ^
# | /Users/revofusion/Projects/llvm/build/tools/clang/test/CIR/CodeGen/Output/label.c.tmp.cir:33:2: note: possible intended match here
# |  %9 = cir.unary(inc, %8) nsw : !s32i, !s32i loc(#loc21)
# |  ^
# | 
# | Input file: /Users/revofusion/Projects/llvm/build/tools/clang/test/CIR/CodeGen/Output/label.c.tmp.cir
# | Check file: /Users/revofusion/Projects/llvm/clang/test/CIR/CodeGen/label.c
# | 
# | -dump-input=help explains the following input dump.
# | 
# | Input was:
# | <<<<<<
# |             .
# |             .
# |             .
# |            27:  %7 = cir.cast int_to_bool %6 : !s32i -> !cir.bool loc(#loc17) 
# |            28:  cir.if %7 { 
# |            29:  cir.br ^bb1 loc(#loc19) 
# |            30:  ^bb1: // pred: ^bb0 
# |            31:  cir.label "labelD" loc(#loc19) 
# |            32:  %8 = cir.load align(4) %5 : !cir.ptr<!s32i>, !s32i loc(#loc20) 
# | check:71'0                                                        X~~~~~~~~~~~~ error: no match found
# |            33:  %9 = cir.unary(inc, %8) nsw : !s32i, !s32i loc(#loc21) 
# | check:71'0     ~~~~~~~~~~~~~~~~~~~~~~~~~~~~~~~~~~~~~~~~~~~~~~~~~~~~~~~~
# | check:71'1      ?                                                       possible intended match
# |            34:  cir.store align(4) %9, %5 : !s32i, !cir.ptr<!s32i> loc(#loc52) 
# | check:71'0     ~~~~~~~~~~~~~~~~~~~~~~~~~~~~~~~~~~~~~~~~~~~~~~~~~~~~~~~~~~~~~~~~
# |            35:  cir.yield loc(#loc16) 
# | check:71'0     ~~~~~~~~~~~~~~~~~~~~~~~
# |            36:  } loc(#loc51) 
# | check:71'0     ~~~~~~~~~~~~~~~
# |            37:  } loc(#loc50) 
# | check:71'0     ~~~~~~~~~~~~~~~
# |            38:  cir.return loc(#loc11) 
# | check:71'0     ~~~~~~~~~~~~~~~~~~~~~~~~
# |             .
# |             .
# |             .
# | >>>>>>
# `-----------------------------
# error: command failed with exit status: 1

--

********************
Testing:  0.. 
FAIL: Clang :: CIR/CodeGen/variable-decomposition.cpp (38 of 258)
******************** TEST 'Clang :: CIR/CodeGen/variable-decomposition.cpp' FAILED ********************
Exit Code: 1

Command Output (stdout):
--
# RUN: at line 1
/Users/revofusion/Projects/llvm/build/bin/clang -cc1 -internal-isystem /Users/revofusion/Projects/llvm/build/lib/clang/22/include -nostdsysteminc -std=c++17 -triple x86_64-pc-linux-gnu -fclangir -emit-cir /Users/revofusion/Projects/llvm/clang/test/CIR/CodeGen/variable-decomposition.cpp -o /Users/revofusion/Projects/llvm/build/tools/clang/test/CIR/CodeGen/Output/variable-decomposition.cpp.tmp.cir
# executed command: /Users/revofusion/Projects/llvm/build/bin/clang -cc1 -internal-isystem /Users/revofusion/Projects/llvm/build/lib/clang/22/include -nostdsysteminc -std=c++17 -triple x86_64-pc-linux-gnu -fclangir -emit-cir /Users/revofusion/Projects/llvm/clang/test/CIR/CodeGen/variable-decomposition.cpp -o /Users/revofusion/Projects/llvm/build/tools/clang/test/CIR/CodeGen/Output/variable-decomposition.cpp.tmp.cir
# RUN: at line 2
/Users/revofusion/Projects/llvm/build/bin/FileCheck --check-prefix=CIR --input-file=/Users/revofusion/Projects/llvm/build/tools/clang/test/CIR/CodeGen/Output/variable-decomposition.cpp.tmp.cir /Users/revofusion/Projects/llvm/clang/test/CIR/CodeGen/variable-decomposition.cpp
# executed command: /Users/revofusion/Projects/llvm/build/bin/FileCheck --check-prefix=CIR --input-file=/Users/revofusion/Projects/llvm/build/tools/clang/test/CIR/CodeGen/Output/variable-decomposition.cpp.tmp.cir /Users/revofusion/Projects/llvm/clang/test/CIR/CodeGen/variable-decomposition.cpp
# .---command stderr------------
# | /Users/revofusion/Projects/llvm/clang/test/CIR/CodeGen/variable-decomposition.cpp:22:9: error: CIR: expected string not found in input
# | // CIR: %[[CONST:.+]] = cir.const #cir.const_record<{#cir.int<1> : !s32i, #cir.fp<2.000000e+00> : !cir.float}> : !rec_some_struct
# |         ^
# | /Users/revofusion/Projects/llvm/build/tools/clang/test/CIR/CodeGen/Output/variable-decomposition.cpp.tmp.cir:6:74: note: scanning from here
# |  %1 = cir.alloca !rec_some_struct, !cir.ptr<!rec_some_struct>, ["", init] {alignment = 4 : i64} loc(#loc13)
# |                                                                          ^
# | 
# | Input file: /Users/revofusion/Projects/llvm/build/tools/clang/test/CIR/CodeGen/Output/variable-decomposition.cpp.tmp.cir
# | Check file: /Users/revofusion/Projects/llvm/clang/test/CIR/CodeGen/variable-decomposition.cpp
# | 
# | -dump-input=help explains the following input dump.
# | 
# | Input was:
# | <<<<<<
# |           1: !s32i = !cir.int<s, 32> 
# |           2: !rec_some_struct = !cir.record<struct "some_struct" {!s32i, !cir.float}> 
# |           3: module @"/Users/revofusion/Projects/llvm/clang/test/CIR/CodeGen/variable-decomposition.cpp" attributes {cir.lang = #cir.lang<cxx>, cir.module_asm = [], cir.triple = "x86_64-pc-linux-gnu", dlti.dl_spec = #dlti.dl_spec<!llvm.ptr<270> = dense<32> : vector<4xi64>, !llvm.ptr<271> = dense<32> : vector<4xi64>, !llvm.ptr<272> = dense<64> : vector<4xi64>, i64 = dense<64> : vector<2xi64>, i128 = dense<128> : vector<2xi64>, f80 = dense<128> : vector<2xi64>, !llvm.ptr = dense<64> : vector<4xi64>, i1 = dense<8> : vector<2xi64>, i8 = dense<8> : vector<2xi64>, i16 = dense<16> : vector<2xi64>, i32 = dense<32> : vector<2xi64>, f16 = dense<16> : vector<2xi64>, f64 = dense<64> : vector<2xi64>, f128 = dense<128> : vector<2xi64>, "dlti.endianness" = "little", "dlti.mangling_mode" = "e", "dlti.legal_int_widths" = array<i32: 8, 16, 32, 64>, "dlti.stack_alignment" = 128 : i64>} { 
# |           4:  cir.func no_inline dso_local @_Z8functionv() -> !cir.float { 
# |           5:  %0 = cir.alloca !cir.float, !cir.ptr<!cir.float>, ["__retval"] {alignment = 4 : i64} loc(#loc2) 
# |           6:  %1 = cir.alloca !rec_some_struct, !cir.ptr<!rec_some_struct>, ["", init] {alignment = 4 : i64} loc(#loc13) 
# | check:22                                                                              X~~~~~~~~~~~~~~~~~~~~~~~~~~~~~~~~~~ error: no match found
# |           7:  %2 = cir.get_member %1[0] {name = "a"} : !cir.ptr<!rec_some_struct> -> !cir.ptr<!s32i> loc(#loc5) 
# | check:22     ~~~~~~~~~~~~~~~~~~~~~~~~~~~~~~~~~~~~~~~~~~~~~~~~~~~~~~~~~~~~~~~~~~~~~~~~~~~~~~~~~~~~~~~~~~~~~~~~~~~
# |           8:  %3 = cir.const #cir.int<1> : !s32i loc(#loc6) 
# | check:22     ~~~~~~~~~~~~~~~~~~~~~~~~~~~~~~~~~~~~~~~~~~~~~~~
# |           9:  cir.store align(4) %3, %2 : !s32i, !cir.ptr<!s32i> loc(#loc6) 
# | check:22     ~~~~~~~~~~~~~~~~~~~~~~~~~~~~~~~~~~~~~~~~~~~~~~~~~~~~~~~~~~~~~~~
# |          10:  %4 = cir.get_member %1[1] {name = "b"} : !cir.ptr<!rec_some_struct> -> !cir.ptr<!cir.float> loc(#loc7) 
# | check:22     ~~~~~~~~~~~~~~~~~~~~~~~~~~~~~~~~~~~~~~~~~~~~~~~~~~~~~~~~~~~~~~~~~~~~~~~~~~~~~~~~~~~~~~~~~~~~~~~~~~~~~~~~
# |          11:  %5 = cir.const #cir.fp<2.000000e+00> : !cir.float loc(#loc8) 
# | check:22     ~~~~~~~~~~~~~~~~~~~~~~~~~~~~~~~~~~~~~~~~~~~~~~~~~~~~~~~~~~~~~~
# |           .
# |           .
# |           .
# | >>>>>>
# `-----------------------------
# error: command failed with exit status: 1

--

********************
Testing:  0.. 
FAIL: Clang :: CIR/CodeGen/cast.cpp (39 of 258)
******************** TEST 'Clang :: CIR/CodeGen/cast.cpp' FAILED ********************
Exit Code: 1

Command Output (stdout):
--
# RUN: at line 1
/Users/revofusion/Projects/llvm/build/bin/clang -cc1 -internal-isystem /Users/revofusion/Projects/llvm/build/lib/clang/22/include -nostdsysteminc -std=c++17 -triple x86_64-unknown-linux-gnu -fclangir -emit-cir /Users/revofusion/Projects/llvm/clang/test/CIR/CodeGen/cast.cpp -o /Users/revofusion/Projects/llvm/build/tools/clang/test/CIR/CodeGen/Output/cast.cpp.tmp.cir
# executed command: /Users/revofusion/Projects/llvm/build/bin/clang -cc1 -internal-isystem /Users/revofusion/Projects/llvm/build/lib/clang/22/include -nostdsysteminc -std=c++17 -triple x86_64-unknown-linux-gnu -fclangir -emit-cir /Users/revofusion/Projects/llvm/clang/test/CIR/CodeGen/cast.cpp -o /Users/revofusion/Projects/llvm/build/tools/clang/test/CIR/CodeGen/Output/cast.cpp.tmp.cir
# .---command stderr------------
# | /Users/revofusion/Projects/llvm/clang/test/CIR/CodeGen/cast.cpp:160:3: warning: indirection of non-volatile null pointer will be deleted, not trap [-Wnull-dereference]
# |   160 |   *(int *)0 = 0;
# |       |   ^~~~~~~~~
# | /Users/revofusion/Projects/llvm/clang/test/CIR/CodeGen/cast.cpp:160:3: note: consider using __builtin_trap() or qualifying pointer with 'volatile'
# | 1 warning generated.
# `-----------------------------
# RUN: at line 2
/Users/revofusion/Projects/llvm/build/bin/FileCheck --input-file=/Users/revofusion/Projects/llvm/build/tools/clang/test/CIR/CodeGen/Output/cast.cpp.tmp.cir /Users/revofusion/Projects/llvm/clang/test/CIR/CodeGen/cast.cpp -check-prefix=CIR
# executed command: /Users/revofusion/Projects/llvm/build/bin/FileCheck --input-file=/Users/revofusion/Projects/llvm/build/tools/clang/test/CIR/CodeGen/Output/cast.cpp.tmp.cir /Users/revofusion/Projects/llvm/clang/test/CIR/CodeGen/cast.cpp -check-prefix=CIR
# .---command stderr------------
# | /Users/revofusion/Projects/llvm/clang/test/CIR/CodeGen/cast.cpp:13:9: error: CIR: expected string not found in input
# | // CIR: cir.store %arg0, %[[XPTR]] : !u32i, !cir.ptr<!u32i>
# |         ^
# | /Users/revofusion/Projects/llvm/build/tools/clang/test/CIR/CodeGen/Output/cast.cpp.tmp.cir:41:75: note: scanning from here
# |  %82 = cir.alloca !u8i, !cir.ptr<!u8i>, ["__retval"] {alignment = 1 : i64} loc(#loc2)
# |                                                                           ^
# | /Users/revofusion/Projects/llvm/build/tools/clang/test/CIR/CodeGen/Output/cast.cpp.tmp.cir:41:75: note: with "XPTR" equal to "81"
# |  %82 = cir.alloca !u8i, !cir.ptr<!u8i>, ["__retval"] {alignment = 1 : i64} loc(#loc2)
# |                                                                           ^
# | /Users/revofusion/Projects/llvm/build/tools/clang/test/CIR/CodeGen/Output/cast.cpp.tmp.cir:42:2: note: possible intended match here
# |  cir.store %arg9, %81 : !u32i, !cir.ptr<!u32i> loc(#loc5)
# |  ^
# | 
# | Input file: /Users/revofusion/Projects/llvm/build/tools/clang/test/CIR/CodeGen/Output/cast.cpp.tmp.cir
# | Check file: /Users/revofusion/Projects/llvm/clang/test/CIR/CodeGen/cast.cpp
# | 
# | -dump-input=help explains the following input dump.
# | 
# | Input was:
# | <<<<<<
# |             .
# |             .
# |             .
# |            36: #loc143 = loc(fused[#loc81, #loc82]) 
# |            37: #loc146 = loc(fused[#loc88, #loc89]) 
# |            38: module @"/Users/revofusion/Projects/llvm/clang/test/CIR/CodeGen/cast.cpp" attributes {cir.lang = #cir.lang<cxx>, cir.module_asm = [], cir.triple = "x86_64-unknown-linux-gnu", dlti.dl_spec = #dlti.dl_spec<!llvm.ptr<270> = dense<32> : vector<4xi64>, !llvm.ptr<271> = dense<32> : vector<4xi64>, !llvm.ptr<272> = dense<64> : vector<4xi64>, i64 = dense<64> : vector<2xi64>, i128 = dense<128> : vector<2xi64>, f80 = dense<128> : vector<2xi64>, !llvm.ptr = dense<64> : vector<4xi64>, i1 = dense<8> : vector<2xi64>, i8 = dense<8> : vector<2xi64>, i16 = dense<16> : vector<2xi64>, i32 = dense<32> : vector<2xi64>, f16 = dense<16> : vector<2xi64>, f64 = dense<64> : vector<2xi64>, f128 = dense<128> : vector<2xi64>, "dlti.endianness" = "little", "dlti.mangling_mode" = "e", "dlti.legal_int_widths" = array<i32: 8, 16, 32, 64>, "dlti.stack_alignment" = 128 : i64>} { 
# |            39:  cir.func no_inline dso_local @_Z15cxxstaticcast_0j(%arg9: !u32i loc(fused[#loc3, #loc4])) -> !u8i { 
# |            40:  %81 = cir.alloca !u32i, !cir.ptr<!u32i>, ["x", init] {alignment = 4 : i64} loc(#loc106) 
# |            41:  %82 = cir.alloca !u8i, !cir.ptr<!u8i>, ["__retval"] {alignment = 1 : i64} loc(#loc2) 
# | check:13'0                                                                               X~~~~~~~~~~~ error: no match found
# | check:13'1                                                                                            with "XPTR" equal to "81"
# |            42:  cir.store %arg9, %81 : !u32i, !cir.ptr<!u32i> loc(#loc5) 
# | check:13'0     ~~~~~~~~~~~~~~~~~~~~~~~~~~~~~~~~~~~~~~~~~~~~~~~~~~~~~~~~~~
# | check:13'2      ?                                                         possible intended match
# |            43:  %83 = cir.load align(4) %81 : !cir.ptr<!u32i>, !u32i loc(#loc6) 
# | check:13'0     ~~~~~~~~~~~~~~~~~~~~~~~~~~~~~~~~~~~~~~~~~~~~~~~~~~~~~~~~~~~~~~~~~
# |            44:  %84 = cir.cast integral %83 : !u32i -> !u8i loc(#loc6) 
# | check:13'0     ~~~~~~~~~~~~~~~~~~~~~~~~~~~~~~~~~~~~~~~~~~~~~~~~~~~~~~~~
# |            45:  cir.store %84, %82 : !u8i, !cir.ptr<!u8i> loc(#loc107) 
# | check:13'0     ~~~~~~~~~~~~~~~~~~~~~~~~~~~~~~~~~~~~~~~~~~~~~~~~~~~~~~~~
# |            46:  %85 = cir.load %82 : !cir.ptr<!u8i>, !u8i loc(#loc107) 
# | check:13'0     ~~~~~~~~~~~~~~~~~~~~~~~~~~~~~~~~~~~~~~~~~~~~~~~~~~~~~~~~
# |            47:  cir.return %85 : !u8i loc(#loc107) 
# | check:13'0     ~~~~~~~~~~~~~~~~~~~~~~~~~~~~~~~~~~~~
# |             .
# |             .
# |             .
# | >>>>>>
# `-----------------------------
# error: command failed with exit status: 1

--

********************
Testing:  0.. 
FAIL: Clang :: CIR/CodeGen/kr-func-promote.c (40 of 258)
******************** TEST 'Clang :: CIR/CodeGen/kr-func-promote.c' FAILED ********************
Exit Code: 1

Command Output (stdout):
--
# RUN: at line 1
/Users/revofusion/Projects/llvm/build/bin/clang -cc1 -internal-isystem /Users/revofusion/Projects/llvm/build/lib/clang/22/include -nostdsysteminc -triple x86_64-unknown-linux-gnu -std=c89 -fclangir -emit-cir /Users/revofusion/Projects/llvm/clang/test/CIR/CodeGen/kr-func-promote.c -o /Users/revofusion/Projects/llvm/build/tools/clang/test/CIR/CodeGen/Output/kr-func-promote.c.tmp.cir
# executed command: /Users/revofusion/Projects/llvm/build/bin/clang -cc1 -internal-isystem /Users/revofusion/Projects/llvm/build/lib/clang/22/include -nostdsysteminc -triple x86_64-unknown-linux-gnu -std=c89 -fclangir -emit-cir /Users/revofusion/Projects/llvm/clang/test/CIR/CodeGen/kr-func-promote.c -o /Users/revofusion/Projects/llvm/build/tools/clang/test/CIR/CodeGen/Output/kr-func-promote.c.tmp.cir
# .---command stderr------------
# | /Users/revofusion/Projects/llvm/clang/test/CIR/CodeGen/kr-func-promote.c:13:6: warning: a function definition without a prototype is deprecated in all versions of C and is not supported in C23 [-Wdeprecated-non-prototype]
# |    13 | void foo(x) short x; {}
# |       |      ^
# | /Users/revofusion/Projects/llvm/clang/test/CIR/CodeGen/kr-func-promote.c:31:6: warning: a function definition without a prototype is deprecated in all versions of C and is not supported in C23 [-Wdeprecated-non-prototype]
# |    31 | void bar(f) float f; {}
# |       |      ^
# | 2 warnings generated.
# `-----------------------------
# RUN: at line 2
/Users/revofusion/Projects/llvm/build/bin/FileCheck --input-file=/Users/revofusion/Projects/llvm/build/tools/clang/test/CIR/CodeGen/Output/kr-func-promote.c.tmp.cir /Users/revofusion/Projects/llvm/clang/test/CIR/CodeGen/kr-func-promote.c -check-prefix=CIR
# executed command: /Users/revofusion/Projects/llvm/build/bin/FileCheck --input-file=/Users/revofusion/Projects/llvm/build/tools/clang/test/CIR/CodeGen/Output/kr-func-promote.c.tmp.cir /Users/revofusion/Projects/llvm/clang/test/CIR/CodeGen/kr-func-promote.c -check-prefix=CIR
# .---command stderr------------
# | /Users/revofusion/Projects/llvm/clang/test/CIR/CodeGen/kr-func-promote.c:8:9: error: CIR: expected string not found in input
# | // CIR: cir.func {{.*}}@foo(%arg0: !s32i
# |         ^
# | /Users/revofusion/Projects/llvm/build/tools/clang/test/CIR/CodeGen/Output/kr-func-promote.c.tmp.cir:1:1: note: scanning from here
# | !s16i = !cir.int<s, 16>
# | ^
# | /Users/revofusion/Projects/llvm/build/tools/clang/test/CIR/CodeGen/Output/kr-func-promote.c.tmp.cir:10:27: note: possible intended match here
# |  cir.func no_inline no_proto dso_local @foo(%arg1: !s32i loc(fused[#loc3, #loc4])) {
# |                           ^
# | 
# | Input file: /Users/revofusion/Projects/llvm/build/tools/clang/test/CIR/CodeGen/Output/kr-func-promote.c.tmp.cir
# | Check file: /Users/revofusion/Projects/llvm/clang/test/CIR/CodeGen/kr-func-promote.c
# | 
# | -dump-input=help explains the following input dump.
# | 
# | Input was:
# | <<<<<<
# |            1: !s16i = !cir.int<s, 16> 
# | check:8'0     X~~~~~~~~~~~~~~~~~~~~~~~ error: no match found
# |            2: !s32i = !cir.int<s, 32> 
# | check:8'0     ~~~~~~~~~~~~~~~~~~~~~~~~
# |            3: #loc3 = loc("/Users/revofusion/Projects/llvm/clang/test/CIR/CodeGen/kr-func-promote.c":13:13) 
# | check:8'0     ~~~~~~~~~~~~~~~~~~~~~~~~~~~~~~~~~~~~~~~~~~~~~~~~~~~~~~~~~~~~~~~~~~~~~~~~~~~~~~~~~~~~~~~~~~~~~~
# |            4: #loc4 = loc("/Users/revofusion/Projects/llvm/clang/test/CIR/CodeGen/kr-func-promote.c":13:19) 
# | check:8'0     ~~~~~~~~~~~~~~~~~~~~~~~~~~~~~~~~~~~~~~~~~~~~~~~~~~~~~~~~~~~~~~~~~~~~~~~~~~~~~~~~~~~~~~~~~~~~~~
# |            5: #loc8 = loc("/Users/revofusion/Projects/llvm/clang/test/CIR/CodeGen/kr-func-promote.c":31:13) 
# | check:8'0     ~~~~~~~~~~~~~~~~~~~~~~~~~~~~~~~~~~~~~~~~~~~~~~~~~~~~~~~~~~~~~~~~~~~~~~~~~~~~~~~~~~~~~~~~~~~~~~
# |            6: #loc9 = loc("/Users/revofusion/Projects/llvm/clang/test/CIR/CodeGen/kr-func-promote.c":31:19) 
# | check:8'0     ~~~~~~~~~~~~~~~~~~~~~~~~~~~~~~~~~~~~~~~~~~~~~~~~~~~~~~~~~~~~~~~~~~~~~~~~~~~~~~~~~~~~~~~~~~~~~~
# |            7: #loc12 = loc(fused[#loc3, #loc4]) 
# | check:8'0     ~~~~~~~~~~~~~~~~~~~~~~~~~~~~~~~~~~
# |            8: #loc14 = loc(fused[#loc8, #loc9]) 
# | check:8'0     ~~~~~~~~~~~~~~~~~~~~~~~~~~~~~~~~~~
# |            9: module @"/Users/revofusion/Projects/llvm/clang/test/CIR/CodeGen/kr-func-promote.c" attributes {cir.lang = #cir.lang<c>, cir.module_asm = [], cir.triple = "x86_64-unknown-linux-gnu", dlti.dl_spec = #dlti.dl_spec<!llvm.ptr<270> = dense<32> : vector<4xi64>, !llvm.ptr<271> = dense<32> : vector<4xi64>, !llvm.ptr<272> = dense<64> : vector<4xi64>, i64 = dense<64> : vector<2xi64>, i128 = dense<128> : vector<2xi64>, f80 = dense<128> : vector<2xi64>, !llvm.ptr = dense<64> : vector<4xi64>, i1 = dense<8> : vector<2xi64>, i8 = dense<8> : vector<2xi64>, i16 = dense<16> : vector<2xi64>, i32 = dense<32> : vector<2xi64>, f16 = dense<16> : vector<2xi64>, f64 = dense<64> : vector<2xi64>, f128 = dense<128> : vector<2xi64>, "dlti.endianness" = "little", "dlti.mangling_mode" = "e", "dlti.legal_int_widths" = array<i32: 8, 16, 32, 64>, "dlti.stack_alignment" = 128 : i64>} { 
# | check:8'0     ~~~~~~~~~~~~~~~~~~~~~~~~~~~~~~~~~~~~~~~~~~~~~~~~~~~~~~~~~~~~~~~~~~~~~~~~~~~~~~~~~~~~~~~~~~~~~~~~~~~~~~~~~~~~~~~~~~~~~~~~~~~~~~~~~~~~~~~~~~~~~~~~~~~~~~~~~~~~~~~~~~~~~~~~~~~~~~~~~~~~~~~~~~~~~~~~~~~~~~~~~~~~~~~~~~~~~~~~~~~~~~~~~~~~~~~~~~~~~~~~~~~~~~~~~~~~~~~~~~~~~~~~~~~~~~~~~~~~~~~~~~~~~~~~~~~~~~~~~~~~~~~~~~~~~~~~~~~~~~~~~~~~~~~~~~~~~~~~~~~~~~~~~~~~~~~~~~~~~~~~~~~~~~~~~~~~~~~~~~~~~~~~~~~~~~~~~~~~~~~~~~~~~~~~~~~~~~~~~~~~~~~~~~~~~~~~~~~~~~~~~~~~~~~~~~~~~~~~~~~~~~~~~~~~~~~~~~~~~~~~~~~~~~~~~~~~~~~~~~~~~~~~~~~~~~~~~~~~~~~~~~~~~~~~~~~~~~~~~~~~~~~~~~~~~~~~~~~~~~~~~~~~~~~~~~~~~~~~~~~~~~~~~~~~~~~~~~~~~~~~~~~~~~~~~~~~~~~~~~~~~~~~~~~~~~~~~~~~~~~~~~~~~~~~~~~~~~~~~~~~~~~~~~~~~~~~~~~~~~~~~~~~~~~~~~~~~~~~~~~~~~~~~~~~~~~~~~~~~~~~~~~~~~~~~~~~~~~~~~~~~~~~~~~~~~~~~~~~~~~~~~~~~~~~~~~~~~~~~~~~~~~~~~~~~~~~~~~~~~~~~~~~~~~~~~~~~~~~~~~~~~~~~~~~~~~~~~~~~~~~~~~~~~~~~~~~~~~~~~~~~~~
# |           10:  cir.func no_inline no_proto dso_local @foo(%arg1: !s32i loc(fused[#loc3, #loc4])) { 
# | check:8'0     ~~~~~~~~~~~~~~~~~~~~~~~~~~~~~~~~~~~~~~~~~~~~~~~~~~~~~~~~~~~~~~~~~~~~~~~~~~~~~~~~~~~~~
# | check:8'1                               ?                                                           possible intended match
# |           11:  %2 = cir.alloca !s16i, !cir.ptr<!s16i>, ["x", init] {alignment = 2 : i64} loc(#loc12) 
# | check:8'0     ~~~~~~~~~~~~~~~~~~~~~~~~~~~~~~~~~~~~~~~~~~~~~~~~~~~~~~~~~~~~~~~~~~~~~~~~~~~~~~~~~~~~~~~
# |           12:  %3 = cir.cast integral %arg1 : !s32i -> !s16i loc(#loc12) 
# | check:8'0     ~~~~~~~~~~~~~~~~~~~~~~~~~~~~~~~~~~~~~~~~~~~~~~~~~~~~~~~~~~~
# |           13:  cir.store %3, %2 : !s16i, !cir.ptr<!s16i> loc(#loc5) 
# | check:8'0     ~~~~~~~~~~~~~~~~~~~~~~~~~~~~~~~~~~~~~~~~~~~~~~~~~~~~~~
# |           14:  cir.return loc(#loc2) 
# | check:8'0     ~~~~~~~~~~~~~~~~~~~~~~~
# |           15:  } loc(#loc11) 
# | check:8'0     ~~~~~~~~~~~~~~~
# |            .
# |            .
# |            .
# | >>>>>>
# `-----------------------------
# error: command failed with exit status: 1

--

********************
Testing:  0.. 
FAIL: Clang :: CIR/CodeGen/var_arg.c (41 of 258)
******************** TEST 'Clang :: CIR/CodeGen/var_arg.c' FAILED ********************
Exit Code: 1

Command Output (stdout):
--
# RUN: at line 1
/Users/revofusion/Projects/llvm/build/bin/clang -cc1 -internal-isystem /Users/revofusion/Projects/llvm/build/lib/clang/22/include -nostdsysteminc -triple x86_64-unknown-linux-gnu -Wno-unused-value -fclangir -emit-cir /Users/revofusion/Projects/llvm/clang/test/CIR/CodeGen/var_arg.c -o /Users/revofusion/Projects/llvm/build/tools/clang/test/CIR/CodeGen/Output/var_arg.c.tmp.cir
# executed command: /Users/revofusion/Projects/llvm/build/bin/clang -cc1 -internal-isystem /Users/revofusion/Projects/llvm/build/lib/clang/22/include -nostdsysteminc -triple x86_64-unknown-linux-gnu -Wno-unused-value -fclangir -emit-cir /Users/revofusion/Projects/llvm/clang/test/CIR/CodeGen/var_arg.c -o /Users/revofusion/Projects/llvm/build/tools/clang/test/CIR/CodeGen/Output/var_arg.c.tmp.cir
# .---command stderr------------
# | /Users/revofusion/Projects/llvm/clang/test/CIR/CodeGen/var_arg.c:90:34: warning: second argument to 'va_start' is not the last non-variadic parameter [-Wvarargs]
# |    90 |     __builtin_stdarg_start(args, 12345);
# |       |                                  ^
# | 1 warning generated.
# `-----------------------------
# RUN: at line 2
/Users/revofusion/Projects/llvm/build/bin/FileCheck --input-file=/Users/revofusion/Projects/llvm/build/tools/clang/test/CIR/CodeGen/Output/var_arg.c.tmp.cir /Users/revofusion/Projects/llvm/clang/test/CIR/CodeGen/var_arg.c -check-prefix=CIR
# executed command: /Users/revofusion/Projects/llvm/build/bin/FileCheck --input-file=/Users/revofusion/Projects/llvm/build/tools/clang/test/CIR/CodeGen/Output/var_arg.c.tmp.cir /Users/revofusion/Projects/llvm/clang/test/CIR/CodeGen/var_arg.c -check-prefix=CIR
# .---command stderr------------
# | /Users/revofusion/Projects/llvm/clang/test/CIR/CodeGen/var_arg.c:25:9: error: CIR: expected string not found in input
# | // CIR: cir.store %arg0, %[[COUNT_ADDR]] : !s32i, !cir.ptr<!s32i>
# |         ^
# | /Users/revofusion/Projects/llvm/build/tools/clang/test/CIR/CodeGen/Output/var_arg.c.tmp.cir:16:56: note: scanning from here
# |  %18 = cir.alloca !s32i, !cir.ptr<!s32i>, ["res", init] {alignment = 4 : i64} loc(#loc43)
# |                                                        ^
# | /Users/revofusion/Projects/llvm/build/tools/clang/test/CIR/CodeGen/Output/var_arg.c.tmp.cir:16:56: note: with "COUNT_ADDR" equal to "15"
# |  %18 = cir.alloca !s32i, !cir.ptr<!s32i>, ["res", init] {alignment = 4 : i64} loc(#loc43)
# |                                                        ^
# | /Users/revofusion/Projects/llvm/build/tools/clang/test/CIR/CodeGen/Output/var_arg.c.tmp.cir:17:2: note: possible intended match here
# |  cir.store %arg1, %15 : !s32i, !cir.ptr<!s32i> loc(#loc9)
# |  ^
# | 
# | Input file: /Users/revofusion/Projects/llvm/build/tools/clang/test/CIR/CodeGen/Output/var_arg.c.tmp.cir
# | Check file: /Users/revofusion/Projects/llvm/clang/test/CIR/CodeGen/var_arg.c
# | 
# | -dump-input=help explains the following input dump.
# | 
# | Input was:
# | <<<<<<
# |             .
# |             .
# |             .
# |            11: module @"/Users/revofusion/Projects/llvm/clang/test/CIR/CodeGen/var_arg.c" attributes {cir.lang = #cir.lang<c>, cir.module_asm = [], cir.triple = "x86_64-unknown-linux-gnu", dlti.dl_spec = #dlti.dl_spec<!llvm.ptr<270> = dense<32> : vector<4xi64>, !llvm.ptr<271> = dense<32> : vector<4xi64>, !llvm.ptr<272> = dense<64> : vector<4xi64>, i64 = dense<64> : vector<2xi64>, i128 = dense<128> : vector<2xi64>, f80 = dense<128> : vector<2xi64>, !llvm.ptr = dense<64> : vector<4xi64>, i1 = dense<8> : vector<2xi64>, i8 = dense<8> : vector<2xi64>, i16 = dense<16> : vector<2xi64>, i32 = dense<32> : vector<2xi64>, f16 = dense<16> : vector<2xi64>, f64 = dense<64> : vector<2xi64>, f128 = dense<128> : vector<2xi64>, "dlti.endianness" = "little", "dlti.mangling_mode" = "e", "dlti.legal_int_widths" = array<i32: 8, 16, 32, 64>, "dlti.stack_alignment" = 128 : i64>} { 
# |            12:  cir.func no_inline dso_local @varargs(%arg1: !s32i loc(fused[#loc3, #loc4]), ...) -> !s32i { 
# |            13:  %15 = cir.alloca !s32i, !cir.ptr<!s32i>, ["count", init] {alignment = 4 : i64} loc(#loc41) 
# |            14:  %16 = cir.alloca !s32i, !cir.ptr<!s32i>, ["__retval"] {alignment = 4 : i64} loc(#loc2) 
# |            15:  %17 = cir.alloca !cir.array<!rec___va_list_tag x 1>, !cir.ptr<!cir.array<!rec___va_list_tag x 1>>, ["args"] {alignment = 16 : i64} loc(#loc42) 
# |            16:  %18 = cir.alloca !s32i, !cir.ptr<!s32i>, ["res", init] {alignment = 4 : i64} loc(#loc43) 
# | check:25'0                                                            X~~~~~~~~~~~~~~~~~~~~~~~~~~~~~~~~~~ error: no match found
# | check:25'1                                                                                                with "COUNT_ADDR" equal to "15"
# |            17:  cir.store %arg1, %15 : !s32i, !cir.ptr<!s32i> loc(#loc9) 
# | check:25'0     ~~~~~~~~~~~~~~~~~~~~~~~~~~~~~~~~~~~~~~~~~~~~~~~~~~~~~~~~~~
# | check:25'2      ?                                                         possible intended match
# |            18:  %19 = cir.cast array_to_ptrdecay %17 : !cir.ptr<!cir.array<!rec___va_list_tag x 1>> -> !cir.ptr<!rec___va_list_tag> loc(#loc10) 
# | check:25'0     ~~~~~~~~~~~~~~~~~~~~~~~~~~~~~~~~~~~~~~~~~~~~~~~~~~~~~~~~~~~~~~~~~~~~~~~~~~~~~~~~~~~~~~~~~~~~~~~~~~~~~~~~~~~~~~~~~~~~~~~~~~~~~~~~~
# |            19:  %20 = cir.load align(4) %15 : !cir.ptr<!s32i>, !s32i loc(#loc11) 
# | check:25'0     ~~~~~~~~~~~~~~~~~~~~~~~~~~~~~~~~~~~~~~~~~~~~~~~~~~~~~~~~~~~~~~~~~~
# |            20:  cir.va_start %19 %20 : !cir.ptr<!rec___va_list_tag>, !s32i loc(#loc10) 
# | check:25'0     ~~~~~~~~~~~~~~~~~~~~~~~~~~~~~~~~~~~~~~~~~~~~~~~~~~~~~~~~~~~~~~~~~~~~~~~~
# |            21:  %21 = cir.cast array_to_ptrdecay %17 : !cir.ptr<!cir.array<!rec___va_list_tag x 1>> -> !cir.ptr<!rec___va_list_tag> loc(#loc12) 
# | check:25'0     ~~~~~~~~~~~~~~~~~~~~~~~~~~~~~~~~~~~~~~~~~~~~~~~~~~~~~~~~~~~~~~~~~~~~~~~~~~~~~~~~~~~~~~~~~~~~~~~~~~~~~~~~~~~~~~~~~~~~~~~~~~~~~~~~~
# |            22:  %22 = cir.va_arg %21 : (!cir.ptr<!rec___va_list_tag>) -> !s32i loc(#loc13) 
# | check:25'0     ~~~~~~~~~~~~~~~~~~~~~~~~~~~~~~~~~~~~~~~~~~~~~~~~~~~~~~~~~~~~~~~~~~~~~~~~~~~~
# |             .
# |             .
# |             .
# | >>>>>>
# `-----------------------------
# error: command failed with exit status: 1

--

********************
Testing:  0.. 
FAIL: Clang :: CIR/CodeGen/size-of-vla.cpp (42 of 258)
******************** TEST 'Clang :: CIR/CodeGen/size-of-vla.cpp' FAILED ********************
Exit Code: 1

Command Output (stdout):
--
# RUN: at line 1
/Users/revofusion/Projects/llvm/build/bin/clang -cc1 -internal-isystem /Users/revofusion/Projects/llvm/build/lib/clang/22/include -nostdsysteminc -triple x86_64-unknown-linux-gnu -Wno-unused-value -fclangir -emit-cir /Users/revofusion/Projects/llvm/clang/test/CIR/CodeGen/size-of-vla.cpp -o /Users/revofusion/Projects/llvm/build/tools/clang/test/CIR/CodeGen/Output/size-of-vla.cpp.tmp.cir
# executed command: /Users/revofusion/Projects/llvm/build/bin/clang -cc1 -internal-isystem /Users/revofusion/Projects/llvm/build/lib/clang/22/include -nostdsysteminc -triple x86_64-unknown-linux-gnu -Wno-unused-value -fclangir -emit-cir /Users/revofusion/Projects/llvm/clang/test/CIR/CodeGen/size-of-vla.cpp -o /Users/revofusion/Projects/llvm/build/tools/clang/test/CIR/CodeGen/Output/size-of-vla.cpp.tmp.cir
# RUN: at line 2
/Users/revofusion/Projects/llvm/build/bin/FileCheck --input-file=/Users/revofusion/Projects/llvm/build/tools/clang/test/CIR/CodeGen/Output/size-of-vla.cpp.tmp.cir /Users/revofusion/Projects/llvm/clang/test/CIR/CodeGen/size-of-vla.cpp -check-prefix=CIR
# executed command: /Users/revofusion/Projects/llvm/build/bin/FileCheck --input-file=/Users/revofusion/Projects/llvm/build/tools/clang/test/CIR/CodeGen/Output/size-of-vla.cpp.tmp.cir /Users/revofusion/Projects/llvm/clang/test/CIR/CodeGen/size-of-vla.cpp -check-prefix=CIR
# .---command stderr------------
# | /Users/revofusion/Projects/llvm/clang/test/CIR/CodeGen/size-of-vla.cpp:41:9: error: CIR: expected string not found in input
# | // CIR: %3 = cir.load {{.*}} %[[N_ADDR]] : !cir.ptr<!u64i>, !u64i
# |         ^
# | /Users/revofusion/Projects/llvm/build/tools/clang/test/CIR/CodeGen/Output/size-of-vla.cpp.tmp.cir:18:54: note: scanning from here
# |  cir.store align(8) %20, %18 : !u64i, !cir.ptr<!u64i> loc(#loc39)
# |                                                      ^
# | /Users/revofusion/Projects/llvm/build/tools/clang/test/CIR/CodeGen/Output/size-of-vla.cpp.tmp.cir:18:54: note: with "N_ADDR" equal to "18"
# |  cir.store align(8) %20, %18 : !u64i, !cir.ptr<!u64i> loc(#loc39)
# |                                                      ^
# | /Users/revofusion/Projects/llvm/build/tools/clang/test/CIR/CodeGen/Output/size-of-vla.cpp.tmp.cir:45:2: note: possible intended match here
# |  %3 = cir.load align(8) %0 : !cir.ptr<!u64i>, !u64i loc(#loc31)
# |  ^
# | 
# | Input file: /Users/revofusion/Projects/llvm/build/tools/clang/test/CIR/CodeGen/Output/size-of-vla.cpp.tmp.cir
# | Check file: /Users/revofusion/Projects/llvm/clang/test/CIR/CodeGen/size-of-vla.cpp
# | 
# | -dump-input=help explains the following input dump.
# | 
# | Input was:
# | <<<<<<
# |             .
# |             .
# |             .
# |            13:  } loc(#loc35) 
# |            14:  cir.func no_inline dso_local @_Z30vla_type_with_element_type_intv() { 
# |            15:  %18 = cir.alloca !u64i, !cir.ptr<!u64i>, ["n", init] {alignment = 8 : i64} loc(#loc39) 
# |            16:  %19 = cir.alloca !u64i, !cir.ptr<!u64i>, ["size", init] {alignment = 8 : i64} loc(#loc40) 
# |            17:  %20 = cir.const #cir.int<10> : !u64i loc(#loc11) 
# |            18:  cir.store align(8) %20, %18 : !u64i, !cir.ptr<!u64i> loc(#loc39) 
# | check:41'0                                                          X~~~~~~~~~~~~ error: no match found
# | check:41'1                                                                        with "N_ADDR" equal to "18"
# |            19:  %21 = cir.load align(8) %18 : !cir.ptr<!u64i>, !u64i loc(#loc14) 
# | check:41'0     ~~~~~~~~~~~~~~~~~~~~~~~~~~~~~~~~~~~~~~~~~~~~~~~~~~~~~~~~~~~~~~~~~~
# |            20:  %22 = cir.const #cir.int<4> : !u64i loc(#loc14) 
# | check:41'0     ~~~~~~~~~~~~~~~~~~~~~~~~~~~~~~~~~~~~~~~~~~~~~~~~~
# |            21:  %23 = cir.binop(mul, %22, %21) nuw : !u64i loc(#loc41) 
# | check:41'0     ~~~~~~~~~~~~~~~~~~~~~~~~~~~~~~~~~~~~~~~~~~~~~~~~~~~~~~~~
# |            22:  cir.store align(8) %23, %19 : !u64i, !cir.ptr<!u64i> loc(#loc40) 
# | check:41'0     ~~~~~~~~~~~~~~~~~~~~~~~~~~~~~~~~~~~~~~~~~~~~~~~~~~~~~~~~~~~~~~~~~~
# |            23:  cir.return loc(#loc9) 
# | check:41'0     ~~~~~~~~~~~~~~~~~~~~~~~
# |             .
# |             .
# |             .
# |            40:  cir.func no_inline dso_local @_Z25vla_expr_element_type_intv() { 
# | check:41'0     ~~~~~~~~~~~~~~~~~~~~~~~~~~~~~~~~~~~~~~~~~~~~~~~~~~~~~~~~~~~~~~~~~~
# |            41:  %0 = cir.alloca !u64i, !cir.ptr<!u64i>, ["n", init] {alignment = 8 : i64} loc(#loc47) 
# | check:41'0     ~~~~~~~~~~~~~~~~~~~~~~~~~~~~~~~~~~~~~~~~~~~~~~~~~~~~~~~~~~~~~~~~~~~~~~~~~~~~~~~~~~~~~~~
# |            42:  %1 = cir.alloca !cir.ptr<!u8i>, !cir.ptr<!cir.ptr<!u8i>>, ["saved_stack"] {alignment = 8 : i64} loc(#loc48) 
# | check:41'0     ~~~~~~~~~~~~~~~~~~~~~~~~~~~~~~~~~~~~~~~~~~~~~~~~~~~~~~~~~~~~~~~~~~~~~~~~~~~~~~~~~~~~~~~~~~~~~~~~~~~~~~~~~~~~~
# |            43:  %2 = cir.const #cir.int<10> : !u64i loc(#loc28) 
# | check:41'0     ~~~~~~~~~~~~~~~~~~~~~~~~~~~~~~~~~~~~~~~~~~~~~~~~~
# |            44:  cir.store align(8) %2, %0 : !u64i, !cir.ptr<!u64i> loc(#loc47) 
# | check:41'0     ~~~~~~~~~~~~~~~~~~~~~~~~~~~~~~~~~~~~~~~~~~~~~~~~~~~~~~~~~~~~~~~~
# |            45:  %3 = cir.load align(8) %0 : !cir.ptr<!u64i>, !u64i loc(#loc31) 
# | check:41'0     ~~~~~~~~~~~~~~~~~~~~~~~~~~~~~~~~~~~~~~~~~~~~~~~~~~~~~~~~~~~~~~~~
# | check:41'2      ?                                                               possible intended match
# |            46:  %4 = cir.stacksave : !cir.ptr<!u8i> loc(#loc48) 
# | check:41'0     ~~~~~~~~~~~~~~~~~~~~~~~~~~~~~~~~~~~~~~~~~~~~~~~~~
# |            47:  cir.store align(8) %4, %1 : !cir.ptr<!u8i>, !cir.ptr<!cir.ptr<!u8i>> loc(#loc48) 
# | check:41'0     ~~~~~~~~~~~~~~~~~~~~~~~~~~~~~~~~~~~~~~~~~~~~~~~~~~~~~~~~~~~~~~~~~~~~~~~~~~~~~~~~~~
# |            48:  %5 = cir.alloca !s32i, !cir.ptr<!s32i>, %3 : !u64i, ["arr"] {alignment = 16 : i64} loc(#loc48) 
# | check:41'0     ~~~~~~~~~~~~~~~~~~~~~~~~~~~~~~~~~~~~~~~~~~~~~~~~~~~~~~~~~~~~~~~~~~~~~~~~~~~~~~~~~~~~~~~~~~~~~~~~
# |            49:  %6 = cir.alloca !u64i, !cir.ptr<!u64i>, ["size", init] {alignment = 8 : i64} loc(#loc49) 
# | check:41'0     ~~~~~~~~~~~~~~~~~~~~~~~~~~~~~~~~~~~~~~~~~~~~~~~~~~~~~~~~~~~~~~~~~~~~~~~~~~~~~~~~~~~~~~~~~~
# |            50:  %7 = cir.const #cir.int<4> : !u64i loc(#loc31) 
# | check:41'0     ~~~~~~~~~~~~~~~~~~~~~~~~~~~~~~~~~~~~~~~~~~~~~~~~
# |             .
# |             .
# |             .
# | >>>>>>
# `-----------------------------
# error: command failed with exit status: 1

--

********************
Testing:  0.. 10
FAIL: Clang :: CIR/CodeGen/finegrain-bitfield-access.cpp (43 of 258)
******************** TEST 'Clang :: CIR/CodeGen/finegrain-bitfield-access.cpp' FAILED ********************
Exit Code: 1

Command Output (stdout):
--
# RUN: at line 1
/Users/revofusion/Projects/llvm/build/bin/clang -cc1 -internal-isystem /Users/revofusion/Projects/llvm/build/lib/clang/22/include -nostdsysteminc -triple x86_64-unknown-linux-gnu -fclangir -emit-cir -ffine-grained-bitfield-accesses /Users/revofusion/Projects/llvm/clang/test/CIR/CodeGen/finegrain-bitfield-access.cpp -o /Users/revofusion/Projects/llvm/build/tools/clang/test/CIR/CodeGen/Output/finegrain-bitfield-access.cpp.tmp.cir
# executed command: /Users/revofusion/Projects/llvm/build/bin/clang -cc1 -internal-isystem /Users/revofusion/Projects/llvm/build/lib/clang/22/include -nostdsysteminc -triple x86_64-unknown-linux-gnu -fclangir -emit-cir -ffine-grained-bitfield-accesses /Users/revofusion/Projects/llvm/clang/test/CIR/CodeGen/finegrain-bitfield-access.cpp -o /Users/revofusion/Projects/llvm/build/tools/clang/test/CIR/CodeGen/Output/finegrain-bitfield-access.cpp.tmp.cir
# RUN: at line 2
/Users/revofusion/Projects/llvm/build/bin/FileCheck --input-file=/Users/revofusion/Projects/llvm/build/tools/clang/test/CIR/CodeGen/Output/finegrain-bitfield-access.cpp.tmp.cir /Users/revofusion/Projects/llvm/clang/test/CIR/CodeGen/finegrain-bitfield-access.cpp --check-prefix=CIR
# executed command: /Users/revofusion/Projects/llvm/build/bin/FileCheck --input-file=/Users/revofusion/Projects/llvm/build/tools/clang/test/CIR/CodeGen/Output/finegrain-bitfield-access.cpp.tmp.cir /Users/revofusion/Projects/llvm/clang/test/CIR/CodeGen/finegrain-bitfield-access.cpp --check-prefix=CIR
# .---command stderr------------
# | /Users/revofusion/Projects/llvm/clang/test/CIR/CodeGen/finegrain-bitfield-access.cpp:49:9: error: CIR: expected string not found in input
# | // CIR: [[MEMBER:%.*]] = cir.get_member %1[1] {name = "f3"} : !cir.ptr<!rec_S1> -> !cir.ptr<!u8i>
# |         ^
# | /Users/revofusion/Projects/llvm/build/tools/clang/test/CIR/CodeGen/Output/finegrain-bitfield-access.cpp.tmp.cir:17:43: note: scanning from here
# |  cir.func no_inline dso_local @_Z7read8_1v() -> !u32i {
# |                                           ^
# | /Users/revofusion/Projects/llvm/build/tools/clang/test/CIR/CodeGen/Output/finegrain-bitfield-access.cpp.tmp.cir:20:2: note: possible intended match here
# |  %45 = cir.get_member %44[1] {name = "f3"} : !cir.ptr<!rec_S1> -> !cir.ptr<!u8i> loc(#loc9)
# |  ^
# | 
# | Input file: /Users/revofusion/Projects/llvm/build/tools/clang/test/CIR/CodeGen/Output/finegrain-bitfield-access.cpp.tmp.cir
# | Check file: /Users/revofusion/Projects/llvm/clang/test/CIR/CodeGen/finegrain-bitfield-access.cpp
# | 
# | -dump-input=help explains the following input dump.
# | 
# | Input was:
# | <<<<<<
# |             .
# |             .
# |             .
# |            12: !rec_S2 = !cir.record<struct "S2" padded {!u16i, !u16i, !u8i, !cir.array<!u8i x 3>}> 
# |            13: module @"/Users/revofusion/Projects/llvm/clang/test/CIR/CodeGen/finegrain-bitfield-access.cpp" attributes {cir.lang = #cir.lang<cxx>, cir.module_asm = [], cir.triple = "x86_64-unknown-linux-gnu", dlti.dl_spec = #dlti.dl_spec<!llvm.ptr<270> = dense<32> : vector<4xi64>, !llvm.ptr<271> = dense<32> : vector<4xi64>, !llvm.ptr<272> = dense<64> : vector<4xi64>, i64 = dense<64> : vector<2xi64>, i128 = dense<128> : vector<2xi64>, f80 = dense<128> : vector<2xi64>, !llvm.ptr = dense<64> : vector<4xi64>, i1 = dense<8> : vector<2xi64>, i8 = dense<8> : vector<2xi64>, i16 = dense<16> : vector<2xi64>, i32 = dense<32> : vector<2xi64>, f16 = dense<16> : vector<2xi64>, f64 = dense<64> : vector<2xi64>, f128 = dense<128> : vector<2xi64>, "dlti.endianness" = "little", "dlti.mangling_mode" = "e", "dlti.legal_int_widths" = array<i32: 8, 16, 32, 64>, "dlti.stack_alignment" = 128 : i64>} { 
# |            14:  cir.global external @a1 = #cir.zero : !rec_S1 {alignment = 4 : i64} loc(#loc47) 
# |            15:  cir.global external @a2 = #cir.zero : !rec_S2 {alignment = 8 : i64} loc(#loc48) 
# |            16:  cir.global external @a3 = #cir.zero : !rec_S3 {alignment = 8 : i64} loc(#loc49) 
# |            17:  cir.func no_inline dso_local @_Z7read8_1v() -> !u32i { 
# | check:49'0                                               X~~~~~~~~~~~~~ error: no match found
# |            18:  %43 = cir.alloca !u32i, !cir.ptr<!u32i>, ["__retval"] {alignment = 4 : i64} loc(#loc8) 
# | check:49'0     ~~~~~~~~~~~~~~~~~~~~~~~~~~~~~~~~~~~~~~~~~~~~~~~~~~~~~~~~~~~~~~~~~~~~~~~~~~~~~~~~~~~~~~~~
# |            19:  %44 = cir.get_global @a1 : !cir.ptr<!rec_S1> loc(#loc47) 
# | check:49'0     ~~~~~~~~~~~~~~~~~~~~~~~~~~~~~~~~~~~~~~~~~~~~~~~~~~~~~~~~~~
# |            20:  %45 = cir.get_member %44[1] {name = "f3"} : !cir.ptr<!rec_S1> -> !cir.ptr<!u8i> loc(#loc9) 
# | check:49'0     ~~~~~~~~~~~~~~~~~~~~~~~~~~~~~~~~~~~~~~~~~~~~~~~~~~~~~~~~~~~~~~~~~~~~~~~~~~~~~~~~~~~~~~~~~~~~
# | check:49'1      ?                                                                                           possible intended match
# |            21:  %46 = cir.get_bitfield align(1) (#bfi_f3, %45 : !cir.ptr<!u8i>) -> !u32i loc(#loc10) 
# | check:49'0     ~~~~~~~~~~~~~~~~~~~~~~~~~~~~~~~~~~~~~~~~~~~~~~~~~~~~~~~~~~~~~~~~~~~~~~~~~~~~~~~~~~~~~~
# |            22:  cir.store %46, %43 : !u32i, !cir.ptr<!u32i> loc(#loc51) 
# | check:49'0     ~~~~~~~~~~~~~~~~~~~~~~~~~~~~~~~~~~~~~~~~~~~~~~~~~~~~~~~~~
# |            23:  %47 = cir.load %43 : !cir.ptr<!u32i>, !u32i loc(#loc51) 
# | check:49'0     ~~~~~~~~~~~~~~~~~~~~~~~~~~~~~~~~~~~~~~~~~~~~~~~~~~~~~~~~~
# |            24:  cir.return %47 : !u32i loc(#loc51) 
# | check:49'0     ~~~~~~~~~~~~~~~~~~~~~~~~~~~~~~~~~~~~
# |            25:  } loc(#loc50) 
# | check:49'0     ~~~~~~~~~~~~~~~
# |             .
# |             .
# |             .
# | >>>>>>
# `-----------------------------
# error: command failed with exit status: 1

--

********************
Testing:  0.. 10.
FAIL: Clang :: CIR/CodeGen/agg-expr-lvalue.c (52 of 258)
******************** TEST 'Clang :: CIR/CodeGen/agg-expr-lvalue.c' FAILED ********************
Exit Code: 1

Command Output (stdout):
--
# RUN: at line 1
/Users/revofusion/Projects/llvm/build/bin/clang -cc1 -internal-isystem /Users/revofusion/Projects/llvm/build/lib/clang/22/include -nostdsysteminc -triple x86_64-unknown-linux-gnu -fclangir -emit-cir /Users/revofusion/Projects/llvm/clang/test/CIR/CodeGen/agg-expr-lvalue.c -o /Users/revofusion/Projects/llvm/build/tools/clang/test/CIR/CodeGen/Output/agg-expr-lvalue.c.tmp.cir
# executed command: /Users/revofusion/Projects/llvm/build/bin/clang -cc1 -internal-isystem /Users/revofusion/Projects/llvm/build/lib/clang/22/include -nostdsysteminc -triple x86_64-unknown-linux-gnu -fclangir -emit-cir /Users/revofusion/Projects/llvm/clang/test/CIR/CodeGen/agg-expr-lvalue.c -o /Users/revofusion/Projects/llvm/build/tools/clang/test/CIR/CodeGen/Output/agg-expr-lvalue.c.tmp.cir
# RUN: at line 2
/Users/revofusion/Projects/llvm/build/bin/FileCheck --check-prefix=CIR --input-file=/Users/revofusion/Projects/llvm/build/tools/clang/test/CIR/CodeGen/Output/agg-expr-lvalue.c.tmp.cir /Users/revofusion/Projects/llvm/clang/test/CIR/CodeGen/agg-expr-lvalue.c
# executed command: /Users/revofusion/Projects/llvm/build/bin/FileCheck --check-prefix=CIR --input-file=/Users/revofusion/Projects/llvm/build/tools/clang/test/CIR/CodeGen/Output/agg-expr-lvalue.c.tmp.cir /Users/revofusion/Projects/llvm/clang/test/CIR/CodeGen/agg-expr-lvalue.c
# .---command stderr------------
# | /Users/revofusion/Projects/llvm/clang/test/CIR/CodeGen/agg-expr-lvalue.c:99:9: error: CIR: expected string not found in input
# | // CIR: %[[CONST:.*]] = cir.const #cir.const_array<[#cir.const_array<[#cir.int<104> : !s8i, #cir.int<101> : !s8i, #cir.int<108> : !s8i, #cir.int<108> : !s8i, #cir.int<111> : !s8i, #cir.int<0> : !s8i]> : !cir.array<!s8i x 6>, #cir.const_array<[#cir.int<119> : !s8i, #cir.int<111> : !s8i, #cir.int<114> : !s8i, #cir.int<108> : !s8i, #cir.int<100> : !s8i, #cir.int<0> : !s8i]> : !cir.array<!s8i x 6>]>
# |         ^
# | /Users/revofusion/Projects/llvm/build/tools/clang/test/CIR/CodeGen/Output/agg-expr-lvalue.c.tmp.cir:47:120: note: scanning from here
# |  %0 = cir.alloca !cir.array<!cir.array<!s8i x 6> x 2>, !cir.ptr<!cir.array<!cir.array<!s8i x 6> x 2>>, ["matrix", init] {alignment = 1 : i64} loc(#loc52)
# |                                                                                                                        ^
# | 
# | Input file: /Users/revofusion/Projects/llvm/build/tools/clang/test/CIR/CodeGen/Output/agg-expr-lvalue.c.tmp.cir
# | Check file: /Users/revofusion/Projects/llvm/clang/test/CIR/CodeGen/agg-expr-lvalue.c
# | 
# | -dump-input=help explains the following input dump.
# | 
# | Input was:
# | <<<<<<
# |           .
# |           .
# |           .
# |          42:  %41 = cir.load deref align(8) %38 : !cir.ptr<!cir.ptr<!rec_Point>>, !cir.ptr<!rec_Point> loc(#loc31) 
# |          43:  cir.copy %41 to %40 : !cir.ptr<!rec_Point> loc(#loc50) 
# |          44:  cir.return loc(#loc25) 
# |          45:  } loc(#loc47) 
# |          46:  cir.func no_inline dso_local @test_string_array_in_array() { 
# |          47:  %0 = cir.alloca !cir.array<!cir.array<!s8i x 6> x 2>, !cir.ptr<!cir.array<!cir.array<!s8i x 6> x 2>>, ["matrix", init] {alignment = 1 : i64} loc(#loc52) 
# | check:99                                                                                                                            X~~~~~~~~~~~~~~~~~~~~~~~~~~~~~~~~~~ error: no match found
# |          48:  %1 = cir.cast array_to_ptrdecay %0 : !cir.ptr<!cir.array<!cir.array<!s8i x 6> x 2>> -> !cir.ptr<!cir.array<!s8i x 6>> loc(#loc53) 
# | check:99     ~~~~~~~~~~~~~~~~~~~~~~~~~~~~~~~~~~~~~~~~~~~~~~~~~~~~~~~~~~~~~~~~~~~~~~~~~~~~~~~~~~~~~~~~~~~~~~~~~~~~~~~~~~~~~~~~~~~~~~~~~~~~~~~~~~~
# |          49:  %2 = cir.cast array_to_ptrdecay %1 : !cir.ptr<!cir.array<!s8i x 6>> -> !cir.ptr<!s8i> loc(#loc37) 
# | check:99     ~~~~~~~~~~~~~~~~~~~~~~~~~~~~~~~~~~~~~~~~~~~~~~~~~~~~~~~~~~~~~~~~~~~~~~~~~~~~~~~~~~~~~~~~~~~~~~~~~~~
# |          50:  %3 = cir.const #cir.int<104> : !s8i loc(#loc37) 
# | check:99     ~~~~~~~~~~~~~~~~~~~~~~~~~~~~~~~~~~~~~~~~~~~~~~~~~
# |          51:  cir.store align(1) %3, %2 : !s8i, !cir.ptr<!s8i> loc(#loc53) 
# | check:99     ~~~~~~~~~~~~~~~~~~~~~~~~~~~~~~~~~~~~~~~~~~~~~~~~~~~~~~~~~~~~~~
# |          52:  %4 = cir.const #cir.int<1> : !s64i loc(#loc37) 
# | check:99     ~~~~~~~~~~~~~~~~~~~~~~~~~~~~~~~~~~~~~~~~~~~~~~~~
# |           .
# |           .
# |           .
# | >>>>>>
# `-----------------------------
# error: command failed with exit status: 1

--

********************
Testing:  0.. 10.. 20.. 30.. 40.. 50.. 60.. 70.. 80.. 90.. 
********************
Failed Tests (44):
  Clang :: CIR/CodeGen/address-space.c
  Clang :: CIR/CodeGen/agg-expr-lvalue.c
  Clang :: CIR/CodeGen/array.cpp
  Clang :: CIR/CodeGen/assign-operator.cpp
  Clang :: CIR/CodeGen/basic.c
  Clang :: CIR/CodeGen/cast.cpp
  Clang :: CIR/CodeGen/class.cpp
  Clang :: CIR/CodeGen/cleanup.cpp
  Clang :: CIR/CodeGen/cmp.cpp
  Clang :: CIR/CodeGen/complex-mul-div.cpp
  Clang :: CIR/CodeGen/compound_literal.cpp
  Clang :: CIR/CodeGen/coro-task.cpp
  Clang :: CIR/CodeGen/count-of.c
  Clang :: CIR/CodeGen/ctor-alias.cpp
  Clang :: CIR/CodeGen/ctor.cpp
  Clang :: CIR/CodeGen/cxx-special-member-attr.cpp
  Clang :: CIR/CodeGen/dtor-alias.cpp
  Clang :: CIR/CodeGen/embed-expr.c
  Clang :: CIR/CodeGen/empty-union.cpp
  Clang :: CIR/CodeGen/finegrain-bitfield-access.cpp
  Clang :: CIR/CodeGen/global-init.cpp
  Clang :: CIR/CodeGen/goto.cpp
  Clang :: CIR/CodeGen/if.cpp
  Clang :: CIR/CodeGen/inline-attributes.cpp
  Clang :: CIR/CodeGen/kr-func-promote.c
  Clang :: CIR/CodeGen/label-values.c
  Clang :: CIR/CodeGen/label.c
  Clang :: CIR/CodeGen/lambda-static-invoker.cpp
  Clang :: CIR/CodeGen/lambda.cpp
  Clang :: CIR/CodeGen/loop.cpp
  Clang :: CIR/CodeGen/no-prototype.c
  Clang :: CIR/CodeGen/paren-init-list.cpp
  Clang :: CIR/CodeGen/pointer-to-member-func.cpp
  Clang :: CIR/CodeGen/record-zero-init-padding.c
  Clang :: CIR/CodeGen/size-of-vla.cpp
  Clang :: CIR/CodeGen/statement-exprs.c
  Clang :: CIR/CodeGen/struct.c
  Clang :: CIR/CodeGen/try-catch-tmp.cpp
  Clang :: CIR/CodeGen/var_arg.c
  Clang :: CIR/CodeGen/variable-decomposition.cpp
  Clang :: CIR/CodeGen/vector-ext.cpp
  Clang :: CIR/CodeGen/vector.cpp
  Clang :: CIR/CodeGen/virtual-function-calls.cpp
  Clang :: CIR/CodeGen/volatile.cpp


Testing Time: 2.40s

Total Discovered Tests: 258
  Passed: 214 (82.95%)
  Failed:  44 (17.05%)
